,S&P500,KOSPI200
2019-12-27,3240.02,295.2
2019-12-26,3239.91,294.06
2019-12-24,3223.38,292.9
2019-12-23,3224.01,294.87
2019-12-20,3221.22,295.31
2019-12-19,3205.37,294.31
2019-12-18,3191.14,294.22
2019-12-17,3192.52,294.4
2019-12-16,3191.45,289.76
2019-12-13,3168.8,290.11
2019-12-12,3168.57,285.11
2019-12-11,3141.63,280.28
2019-12-10,3132.52,279.31
2019-12-09,3135.96,278.03
2019-12-06,3145.91,276.56
2019-12-05,3117.43,273.3
2019-12-04,3112.76,274.15
2019-12-03,3093.2,276.19
2019-12-02,3113.87,277.44
2019-11-29,3140.98,276.78
2019-11-28,3140.98,281.23
2019-11-27,3153.63,282.85
2019-11-26,3140.52,281.83
2019-11-25,3133.64,282.19
2019-11-22,3110.29,279.43
2019-11-21,3103.54,278.28
2019-11-20,3108.46,282.21
2019-11-19,3120.18,286.23
2019-11-18,3122.03,287.18
2019-11-15,3120.46,287.29
2019-11-14,3096.63,283.93
2019-11-13,3094.04,281.28
2019-11-12,3091.84,283.65
2019-11-11,3087.01,280.85
2019-11-08,3093.08,283.13
2019-11-07,3085.18,284.37
2019-11-06,3076.78,284.52
2019-11-05,3074.62,284.38
2019-11-04,3078.27,282.54
2019-11-01,3066.91,278.43
2019-10-31,3037.56,275.82
2019-10-30,3046.77,275.51
2019-10-29,3036.89,277.55
2019-10-28,3039.42,277.78
2019-10-25,3022.55,277.07
2019-10-24,3010.29,276.7
2019-10-23,3004.52,276.23
2019-10-22,2995.99,277.41
2019-10-21,3006.72,273.79
2019-10-18,2986.2,272.81
2019-10-17,2997.95,275.57
2019-10-16,2989.69,276.32
2019-10-15,2995.68,274.34
2019-10-14,2966.15,274.23
2019-10-11,2970.27,271.3
2019-10-10,2938.13,268.8
2019-10-09,2919.4,268.8
2019-10-08,2893.06,271.36
2019-10-07,2938.79,267.67
2019-10-04,2952.01,267.39
2019-10-03,2910.63,267.39
2019-10-02,2887.61,268.55
2019-10-01,2940.25,274.42
2019-09-30,2976.74,273.55
2019-09-27,2961.79,271.33
2019-09-26,2977.62,274.89
2019-09-25,2984.87,274.42
2019-09-24,2966.6,277.97
2019-09-23,2991.78,276.65
2019-09-20,2992.07,276.44
2019-09-19,3006.79,274.92
2019-09-18,3006.73,273.06
2019-09-17,3005.7,271.68
2019-09-16,2997.96,272.02
2019-09-13,3007.39,272.02
2019-09-12,3009.57,272.02
2019-09-11,3000.93,270.84
2019-09-10,2979.39,268.76
2019-09-09,2978.43,267.4
2019-09-06,2978.71,265.53
2019-09-05,2976.0,264.44
2019-09-04,2937.78,261.69
2019-09-03,2906.27,258.25
2019-09-02,2906.27,259.08
2019-08-30,2926.46,259.0
2019-08-29,2924.58,254.31
2019-08-28,2887.94,255.53
2019-08-27,2869.16,253.5
2019-08-26,2878.38,252.19
2019-08-23,2847.11,256.11
2019-08-22,2922.95,256.28
2019-08-21,2924.43,258.38
2019-08-20,2900.51,258.05
2019-08-19,2923.65,255.11
2019-08-16,2888.68,253.9
2019-08-15,2847.6,253.9
2019-08-14,2840.6,254.86
2019-08-13,2926.32,252.83
2019-08-12,2883.75,255.35
2019-08-09,2918.65,254.85
2019-08-08,2938.09,252.4
2019-08-07,2883.98,252.0
2019-08-06,2881.77,253.41
2019-08-05,2844.74,257.19
2019-08-02,2932.05,262.99
2019-08-01,2953.56,265.73
2019-07-31,2980.38,266.34
2019-07-30,3013.18,268.95
2019-07-29,3020.97,267.75
2019-07-26,3025.86,272.25
2019-07-25,3003.67,273.04
2019-07-24,3019.56,273.22
2019-07-23,3005.47,275.92
2019-07-22,2985.03,274.55
2019-07-19,2976.61,274.55
2019-07-18,2995.11,270.67
2019-07-17,2984.42,271.48
2019-07-16,3004.04,274.05
2019-07-15,3014.3,272.64
2019-07-12,3013.77,272.68
2019-07-11,2999.91,271.78
2019-07-10,2993.07,268.75
2019-07-09,2979.63,267.72
2019-07-08,2975.95,268.55
2019-07-05,2990.41,274.35
2019-07-04,2990.41,274.54
2019-07-03,2995.82,272.37
2019-07-02,2973.01,275.97
2019-07-01,2964.33,277.27
2019-06-28,2941.76,277.5
2019-06-27,2924.92,277.75
2019-06-26,2913.78,275.53
2019-06-25,2917.38,275.28
2019-06-24,2945.35,275.58
2019-06-21,2950.46,275.48
2019-06-20,2954.18,276.01
2019-06-19,2926.46,275.31
2019-06-18,2917.75,271.36
2019-06-17,2889.67,270.09
2019-06-14,2886.98,270.48
2019-06-13,2891.64,271.13
2019-06-12,2879.84,272.74
2019-06-11,2885.72,273.21
2019-06-10,2886.73,272.1
2019-06-07,2873.34,268.27
2019-06-06,2843.49,268.27
2019-06-05,2826.15,267.99
2019-06-04,2803.27,267.66
2019-06-03,2744.45,268.16
2019-05-31,2752.06,263.89
2019-05-30,2788.86,263.93
2019-05-29,2783.02,261.37
2019-05-28,2802.39,264.7
2019-05-27,2802.39,264.4
2019-05-24,2826.06,264.42
2019-05-23,2822.24,266.38
2019-05-22,2856.27,266.65
2019-05-21,2864.36,266.12
2019-05-20,2840.23,264.96
2019-05-17,2859.53,264.35
2019-05-16,2876.32,265.99
2019-05-15,2850.96,269.64
2019-05-14,2834.41,268.57
2019-05-13,2811.87,268.72
2019-05-10,2881.4,272.06
2019-05-09,2870.72,271.0
2019-05-08,2879.42,280.15
2019-05-07,2884.05,281.31
2019-05-06,2932.47,281.31
2019-05-03,2945.64,283.67
2019-05-02,2917.52,286.12
2019-05-01,2923.73,286.12
2019-04-30,2945.83,284.92
2019-04-29,2943.03,286.79
2019-04-26,2939.88,281.34
2019-04-25,2926.17,282.83
2019-04-24,2927.25,283.7
2019-04-23,2933.68,286.47
2019-04-22,2907.97,285.87
2019-04-19,2907.97,285.89
2019-04-18,2905.03,285.82
2019-04-17,2900.45,290.33
2019-04-16,2907.06,290.62
2019-04-15,2905.58,289.38
2019-04-12,2907.41,288.37
2019-04-11,2888.32,287.42
2019-04-10,2888.21,287.92
2019-04-09,2878.2,286.71
2019-04-08,2895.77,286.38
2019-04-05,2892.74,286.68
2019-04-04,2879.39,286.15
2019-04-03,2873.4,285.65
2019-04-02,2867.24,281.72
2019-04-01,2867.19,280.32
2019-03-29,2834.4,276.48
2019-03-28,2815.44,275.08
2019-03-27,2805.37,277.28
2019-03-26,2818.46,277.6
2019-03-25,2798.36,277.45
2019-03-22,2800.71,283.13
2019-03-21,2854.88,282.38
2019-03-20,2824.23,279.92
2019-03-19,2832.57,279.82
2019-03-18,2832.94,279.93
2019-03-15,2822.48,279.87
2019-03-14,2808.48,276.64
2019-03-13,2810.92,276.0
2019-03-12,2791.52,277.73
2019-03-11,2783.3,275.06
2019-03-08,2743.07,274.84
2019-03-07,2748.93,278.87
2019-03-06,2771.45,279.85
2019-03-05,2789.65,280.45
2019-03-04,2792.81,282.51
2019-03-01,2803.69,282.51
2019-02-28,2784.49,283.8
2019-02-27,2792.38,288.76
2019-02-26,2793.9,287.89
2019-02-25,2796.11,289.0
2019-02-22,2792.67,288.74
2019-02-21,2774.88,288.41
2019-02-20,2784.7,288.4
2019-02-19,2779.76,284.91
2019-02-18,2779.76,285.9
2019-02-15,2775.6,283.98
2019-02-14,2745.73,288.68
2019-02-13,2753.03,284.97
2019-02-12,2744.73,283.69
2019-02-11,2709.8,282.1
2019-02-08,2707.88,281.49
2019-02-07,2706.05,285.65
2019-02-06,2731.61,285.65
2019-02-05,2737.7,285.65
2019-02-04,2724.87,285.65
2019-02-01,2706.53,285.79
2019-01-31,2704.1,285.89
2019-01-30,2681.05,286.62
2019-01-29,2640.0,283.0
2019-01-28,2643.85,281.64
2019-01-25,2664.76,281.67
2019-01-24,2642.33,276.61
2019-01-23,2638.7,273.87
2019-01-22,2632.9,272.71
2019-01-21,2632.9,274.0
2019-01-18,2670.71,273.88
2019-01-17,2635.96,271.88
2019-01-16,2616.1,271.23
2019-01-15,2610.3,269.93
2019-01-14,2582.61,264.99
2019-01-11,2596.26,267.13
2019-01-10,2596.64,265.55
2019-01-09,2584.96,265.6
2019-01-08,2574.41,259.65
2019-01-07,2549.69,261.57
2019-01-04,2531.94,257.89
2019-01-03,2447.89,255.77
2019-01-02,2510.03,258.23
2018-12-31,2506.85,258.23
2018-12-28,2485.74,261.98
2018-12-27,2488.83,260.57
2018-12-26,2467.7,260.98
2018-12-24,2351.1,264.45
2018-12-21,2416.62,265.06
2018-12-20,2467.42,264.81
2018-12-19,2506.96,267.31
2018-12-18,2546.16,265.18
2018-12-17,2545.94,266.33
2018-12-14,2599.95,265.55
2018-12-13,2650.54,269.41
2018-12-12,2651.07,268.47
2018-12-11,2636.78,264.69
2018-12-10,2637.72,265.35
2018-12-07,2633.08,268.28
2018-12-06,2695.95,267.18
2018-12-05,2695.95,271.49
2018-12-04,2700.06,273.29
2018-12-03,2790.37,276.18
2018-11-30,2760.17,271.35
2018-11-29,2737.76,274.16
2018-11-28,2743.79,273.45
2018-11-27,2682.17,272.08
2018-11-26,2673.45,269.79
2018-11-23,2632.56,266.33
2018-11-22,2632.56,267.76
2018-11-21,2649.93,268.27
2018-11-20,2641.89,269.58
2018-11-19,2690.73,272.31
2018-11-16,2736.27,271.65
2018-11-15,2730.2,271.54
2018-11-14,2701.58,268.88
2018-11-13,2722.18,269.7
2018-11-12,2726.22,271.57
2018-11-09,2781.01,271.33
2018-11-08,2806.83,272.11
2018-11-07,2813.89,270.45
2018-11-06,2755.45,271.57
2018-11-05,2738.31,270.07
2018-11-02,2723.06,272.56
2018-11-01,2740.37,262.95
2018-10-31,2711.74,264.01
2018-10-30,2682.63,262.47
2018-10-29,2641.25,260.19
2018-10-26,2658.69,262.69
2018-10-25,2705.57,266.72
2018-10-24,2656.1,271.36
2018-10-23,2740.69,272.54
2018-10-22,2755.88,279.4
2018-10-19,2767.78,278.63
2018-10-18,2768.78,277.48
2018-10-17,2809.21,280.05
2018-10-16,2809.92,276.9
2018-10-15,2750.79,277.19
2018-10-12,2767.13,279.37
2018-10-11,2728.37,275.15
2018-10-10,2785.68,287.85
2018-10-09,2880.34,287.85
2018-10-08,2884.43,289.91
2018-10-05,2885.57,291.28
2018-10-04,2901.61,291.78
2018-10-03,2925.51,291.78
2018-10-02,2923.43,296.53
2018-10-01,2924.59,300.17
2018-09-28,2913.98,300.51
2018-09-27,2914.0,302.59
2018-09-26,2905.97,302.59
2018-09-25,2915.56,302.59
2018-09-24,2919.37,302.59
2018-09-21,2929.67,300.81
2018-09-20,2930.75,299.04
2018-09-19,2907.95,296.64
2018-09-18,2904.31,296.1
2018-09-17,2888.8,295.23
2018-09-14,2904.98,297.29
2018-09-13,2904.18,292.42
2018-09-12,2888.92,292.35
2018-09-11,2887.89,292.46
2018-09-10,2877.13,293.7
2018-09-07,2871.68,292.86
2018-09-06,2878.05,294.28
2018-09-05,2888.6,294.96
2018-09-04,2896.72,298.8
2018-09-03,2896.72,297.49
2018-08-31,2901.52,300.07
2018-08-30,2901.13,298.05
2018-08-29,2914.04,298.05
2018-08-28,2897.52,297.22
2018-08-27,2896.74,296.83
2018-08-24,2874.69,295.54
2018-08-23,2856.98,294.29
2018-08-22,2861.82,293.0
2018-08-21,2862.96,291.93
2018-08-20,2857.05,288.61
2018-08-17,2850.13,288.57
2018-08-16,2840.69,288.24
2018-08-15,2818.37,288.24
2018-08-14,2839.96,291.08
2018-08-13,2821.93,289.85
2018-08-10,2833.28,293.64
2018-08-09,2853.58,297.41
2018-08-08,2857.7,297.19
2018-08-07,2858.45,297.18
2018-08-06,2850.4,295.24
2018-08-03,2840.35,295.61
2018-08-02,2827.22,293.55
2018-08-01,2813.36,298.69
2018-07-31,2816.29,297.45
2018-07-30,2802.6,297.29
2018-07-27,2818.82,297.78
2018-07-26,2837.44,296.95
2018-07-25,2846.07,294.85
2018-07-24,2820.4,295.49
2018-07-23,2806.98,294.56
2018-07-20,2801.83,296.95
2018-07-19,2804.49,295.9
2018-07-18,2815.62,296.47
2018-07-17,2809.55,296.88
2018-07-16,2798.43,297.37
2018-07-13,2801.31,298.65
2018-07-12,2798.29,294.41
2018-07-11,2774.02,294.43
2018-07-10,2793.84,296.19
2018-07-09,2784.17,295.2
2018-07-06,2759.82,293.11
2018-07-05,2736.61,291.63
2018-07-04,2736.61,292.26
2018-07-03,2713.22,293.35
2018-07-02,2726.71,292.93
2018-06-29,2718.37,299.66
2018-06-28,2716.31,298.26
2018-06-27,2699.63,302.25
2018-06-26,2723.06,302.76
2018-06-25,2717.07,303.37
2018-06-22,2754.88,303.69
2018-06-21,2749.76,301.02
2018-06-20,2767.32,304.02
2018-06-19,2762.59,301.35
2018-06-18,2773.75,305.35
2018-06-15,2779.66,308.73
2018-06-14,2782.49,311.2
2018-06-13,2775.63,311.2
2018-06-12,2786.85,316.84
2018-06-11,2782.0,317.22
2018-06-08,2779.03,314.97
2018-06-07,2770.37,317.67
2018-06-06,2772.35,317.67
2018-06-05,2748.8,315.76
2018-06-04,2746.87,314.84
2018-06-01,2734.62,313.22
2018-05-31,2705.27,310.92
2018-05-30,2724.01,309.26
2018-05-29,2689.86,316.2
2018-05-28,2689.86,318.99
2018-05-25,2721.33,318.05
2018-05-24,2727.76,317.48
2018-05-23,2733.29,318.31
2018-05-22,2724.44,318.31
2018-05-21,2733.01,316.25
2018-05-18,2712.97,315.37
2018-05-17,2720.13,314.29
2018-05-16,2722.46,315.97
2018-05-15,2711.45,314.94
2018-05-14,2730.13,317.72
2018-05-11,2727.72,318.51
2018-05-10,2723.07,317.31
2018-05-09,2697.79,314.42
2018-05-08,2671.92,315.87
2018-05-07,2672.63,315.87
2018-05-04,2663.42,316.75
2018-05-03,2629.73,320.55
2018-05-02,2635.67,322.53
2018-05-01,2654.8,322.53
2018-04-30,2648.05,323.56
2018-04-27,2669.91,320.8
2018-04-26,2666.94,318.08
2018-04-25,2639.4,313.99
2018-04-24,2634.56,315.86
2018-04-23,2670.29,317.89
2018-04-20,2670.14,317.89
2018-04-19,2693.13,320.12
2018-04-18,2708.64,318.64
2018-04-17,2706.39,314.64
2018-04-16,2677.84,315.17
2018-04-13,2656.3,314.86
2018-04-12,2663.99,313.22
2018-04-11,2642.19,312.94
2018-04-10,2656.87,313.94
2018-04-09,2613.16,313.45
2018-04-06,2604.47,311.61
2018-04-05,2662.84,313.04
2018-04-04,2644.69,308.54
2018-04-03,2614.45,313.38
2018-04-02,2581.88,314.0
2018-03-30,2581.88,314.61
2018-03-29,2640.87,313.82
2018-03-28,2605.0,311.81
2018-03-27,2612.62,316.34
2018-03-26,2658.55,314.89
2018-03-23,2588.26,312.42
2018-03-22,2643.69,323.32
2018-03-21,2711.93,321.6
2018-03-20,2716.94,321.79
2018-03-19,2712.92,320.35
2018-03-16,2752.01,322.88
2018-03-15,2747.33,322.74
2018-03-14,2749.48,321.99
2018-03-13,2765.31,322.98
2018-03-12,2783.02,320.7
2018-03-09,2786.57,317.67
2018-03-08,2738.97,314.78
2018-03-07,2726.8,311.14
2018-03-06,2728.12,310.46
2018-03-05,2720.94,304.58
2018-03-02,2691.25,308.35
2018-03-01,2677.67,308.35
2018-02-28,2713.83,312.86
2018-02-27,2744.28,316.83
2018-02-26,2779.6,317.34
2018-02-23,2747.3,316.81
2018-02-22,2703.96,312.17
2018-02-21,2701.33,314.47
2018-02-20,2716.26,312.83
2018-02-19,2716.26,316.61
2018-02-16,2732.22,316.61
2018-02-15,2731.2,316.61
2018-02-14,2698.63,314.4
2018-02-13,2662.94,310.87
2018-02-12,2656.0,308.13
2018-02-09,2619.55,304.83
2018-02-08,2581.0,311.62
2018-02-07,2681.66,310.48
2018-02-06,2695.14,318.01
2018-02-05,2648.94,323.29
2018-02-02,2762.13,327.01
2018-02-01,2821.98,333.36
2018-01-31,2823.81,333.38
2018-01-30,2822.43,333.4
2018-01-29,2853.53,338.05
2018-01-26,2872.87,335.38
2018-01-25,2839.25,334.08
2018-01-24,2837.54,330.91
2018-01-23,2839.13,330.93
2018-01-22,2832.97,326.27
2018-01-19,2810.3,329.52
2018-01-18,2798.03,329.13
2018-01-17,2802.56,329.19
2018-01-16,2776.42,330.02
2018-01-15,2776.42,327.39
2018-01-12,2786.24,326.72
2018-01-11,2767.56,325.67
2018-01-10,2748.23,327.61
2018-01-09,2751.29,330.25
2018-01-08,2747.71,331.28
2018-01-05,2743.15,328.97
2018-01-04,2723.99,324.58
2018-01-03,2713.06,327.13
2018-01-02,2695.81,326.0
2017-12-29,2673.61,326.0
2017-12-28,2687.54,324.74
2017-12-27,2682.62,320.25
2017-12-26,2680.5,318.89
2017-12-22,2683.34,321.21
2017-12-21,2684.57,319.72
2017-12-20,2679.25,325.79
2017-12-19,2681.47,326.76
2017-12-18,2690.16,326.6
2017-12-15,2675.81,326.23
2017-12-14,2652.01,324.74
2017-12-13,2662.85,326.18
2017-12-12,2664.11,324.07
2017-12-11,2659.99,325.09
2017-12-08,2651.5,324.68
2017-12-07,2636.98,323.59
2017-12-06,2629.27,324.52
2017-12-05,2629.57,329.61
2017-12-04,2639.44,328.77
2017-12-01,2642.22,324.78
2017-11-30,2647.58,325.25
2017-11-29,2626.07,330.68
2017-11-28,2627.04,330.99
2017-11-27,2601.42,329.53
2017-11-24,2602.42,335.44
2017-11-23,2602.42,334.51
2017-11-22,2597.08,335.49
2017-11-21,2599.03,333.51
2017-11-20,2582.14,332.92
2017-11-17,2578.85,334.18
2017-11-16,2585.64,334.36
2017-11-15,2564.62,332.17
2017-11-14,2578.87,333.62
2017-11-13,2584.84,334.33
2017-11-10,2582.3,335.96
2017-11-09,2584.62,337.14
2017-11-08,2594.38,337.8
2017-11-07,2590.64,336.76
2017-11-06,2591.13,337.4
2017-11-03,2587.84,338.83
2017-11-02,2579.85,337.53
2017-11-01,2579.36,338.76
2017-10-31,2575.26,333.57
2017-10-30,2572.83,330.38
2017-10-27,2581.07,329.23
2017-10-26,2560.4,326.99
2017-10-25,2557.15,329.31
2017-10-24,2569.13,328.96
2017-10-23,2564.98,329.45
2017-10-20,2575.21,328.89
2017-10-19,2562.1,326.47
2017-10-18,2561.26,328.4
2017-10-17,2559.36,328.51
2017-10-16,2557.64,327.82
2017-10-13,2553.17,327.35
2017-10-12,2550.93,328.11
2017-10-11,2555.24,326.12
2017-10-10,2550.64,322.49
2017-10-09,2544.73,322.49
2017-10-06,2549.33,322.49
2017-10-05,2552.07,322.49
2017-10-04,2537.74,322.49
2017-10-03,2534.58,322.49
2017-10-02,2529.12,322.49
2017-09-29,2519.36,316.27
2017-09-28,2510.06,313.85
2017-09-27,2507.04,313.82
2017-09-26,2496.84,314.29
2017-09-25,2496.66,316.4
2017-09-22,2502.22,316.71
2017-09-21,2500.6,318.25
2017-09-20,2508.24,318.48
2017-09-19,2506.65,318.51
2017-09-18,2503.87,318.93
2017-09-15,2500.23,313.69
2017-09-14,2495.62,312.52
2017-09-13,2498.37,310.0
2017-09-12,2496.48,310.42
2017-09-11,2488.11,309.83
2017-09-08,2461.43,307.43
2017-09-07,2465.1,306.97
2017-09-06,2465.54,303.18
2017-09-05,2457.85,304.06
2017-09-04,2457.85,304.19
2017-09-01,2476.55,307.78
2017-08-31,2471.65,308.28
2017-08-30,2457.59,309.65
2017-08-29,2446.3,308.64
2017-08-28,2444.24,309.53
2017-08-25,2443.05,311.21
2017-08-24,2438.97,310.73
2017-08-23,2444.04,309.71
2017-08-22,2452.51,309.34
2017-08-21,2428.37,308.14
2017-08-18,2425.55,308.39
2017-08-17,2430.01,309.02
2017-08-16,2468.11,307.16
2017-08-15,2464.61,307.16
2017-08-14,2465.84,304.93
2017-08-11,2441.32,302.72
2017-08-10,2438.21,308.37
2017-08-09,2474.02,309.52
2017-08-08,2474.92,313.4
2017-08-07,2480.91,313.96
2017-08-04,2476.83,313.46
2017-08-03,2472.16,312.29
2017-08-02,2477.57,317.69
2017-08-01,2476.35,317.04
2017-07-31,2470.3,314.6
2017-07-28,2472.1,314.13
2017-07-27,2475.42,320.51
2017-07-26,2477.83,319.46
2017-07-25,2477.13,320.15
2017-07-24,2469.91,322.01
2017-07-21,2472.54,321.79
2017-07-20,2473.45,320.61
2017-07-19,2473.83,318.91
2017-07-18,2460.61,318.65
2017-07-17,2459.14,318.52
2017-07-14,2459.27,317.35
2017-07-13,2447.83,316.35
2017-07-12,2443.25,313.58
2017-07-11,2425.53,313.59
2017-07-10,2427.43,311.46
2017-07-07,2425.18,310.66
2017-07-06,2409.75,311.88
2017-07-05,2432.54,311.77
2017-07-04,2432.54,310.46
2017-07-03,2429.01,312.39
2017-06-30,2423.41,311.76
2017-06-29,2419.7,312.56
2017-06-28,2440.69,310.84
2017-06-27,2419.38,312.12
2017-06-26,2439.07,311.89
2017-06-23,2438.3,310.26
2017-06-22,2434.5,309.47
2017-06-21,2435.61,307.52
2017-06-20,2437.03,309.31
2017-06-19,2453.46,308.61
2017-06-16,2433.15,306.79
2017-06-15,2432.46,306.69
2017-06-14,2437.92,307.95
2017-06-13,2440.35,308.02
2017-06-12,2429.39,306.24
2017-06-09,2431.77,309.38
2017-06-08,2433.79,306.25
2017-06-07,2433.14,305.68
2017-06-06,2429.33,305.68
2017-06-05,2436.1,307.33
2017-06-02,2439.07,307.83
2017-06-01,2430.06,304.03
2017-05-31,2411.8,304.67
2017-05-30,2412.91,304.59
2017-05-29,2412.91,306.52
2017-05-26,2415.82,306.96
2017-05-25,2415.07,305.22
2017-05-24,2404.39,301.71
2017-05-23,2398.42,301.36
2017-05-22,2394.02,300.63
2017-05-19,2381.73,298.08
2017-05-18,2365.72,298.47
2017-05-17,2357.03,299.34
2017-05-16,2400.67,299.67
2017-05-15,2402.32,298.87
2017-05-12,2390.9,298.25
2017-05-11,2394.44,299.75
2017-05-10,2399.63,296.19
2017-05-09,2396.92,296.19
2017-05-08,2399.38,299.86
2017-05-05,2399.29,299.86
2017-05-04,2389.52,292.47
2017-05-03,2388.13,292.47
2017-05-02,2391.17,289.65
2017-05-01,2388.33,289.65
2017-04-28,2384.2,287.21
2017-04-27,2388.77,287.34
2017-04-26,2387.45,286.78
2017-04-25,2388.61,285.41
2017-04-24,2374.15,281.96
2017-04-21,2348.69,280.05
2017-04-20,2355.84,277.76
2017-04-19,2338.17,276.49
2017-04-18,2342.19,278.23
2017-04-17,2349.01,278.1
2017-04-14,2349.01,277.31
2017-04-13,2328.95,279.12
2017-04-12,2344.93,276.21
2017-04-11,2353.78,275.49
2017-04-10,2357.16,277.21
2017-04-07,2355.54,279.01
2017-04-06,2357.49,279.47
2017-04-05,2352.95,280.74
2017-04-04,2360.16,280.92
2017-04-03,2358.84,281.6
2017-03-31,2362.72,280.64
2017-03-30,2368.06,281.66
2017-03-29,2361.13,281.86
2017-03-28,2358.57,281.25
2017-03-27,2341.59,280.36
2017-03-24,2343.98,282.31
2017-03-23,2345.96,282.81
2017-03-22,2348.45,282.63
2017-03-21,2344.02,283.84
2017-03-20,2373.47,280.75
2017-03-17,2378.25,281.86
2017-03-16,2381.38,280.11
2017-03-15,2385.26,277.89
2017-03-14,2365.45,277.89
2017-03-13,2373.47,275.41
2017-03-10,2372.6,272.29
2017-03-09,2364.87,271.62
2017-03-08,2362.98,272.29
2017-03-07,2368.39,271.87
2017-03-06,2375.31,270.41
2017-03-03,2383.12,269.77
2017-03-02,2381.92,272.65
2017-03-01,2395.96,272.65
2017-02-28,2363.64,270.06
2017-02-27,2369.75,268.97
2017-02-24,2367.34,270.38
2017-02-23,2363.81,272.89
2017-02-22,2362.82,272.85
2017-02-21,2365.38,272.11
2017-02-20,2365.38,269.73
2017-02-17,2351.16,268.84
2017-02-16,2347.22,268.93
2017-02-15,2349.25,268.81
2017-02-14,2337.58,267.9
2017-02-13,2328.25,268.81
2017-02-10,2316.1,268.66
2017-02-09,2307.87,267.69
2017-02-08,2294.67,267.72
2017-02-07,2293.08,268.97
2017-02-06,2292.56,269.49
2017-02-03,2297.42,268.85
2017-02-02,2280.85,268.49
2017-02-01,2279.55,269.56
2017-01-31,2278.87,268.09
2017-01-30,2280.9,268.09
2017-01-27,2294.69,268.09
2017-01-26,2296.68,270.48
2017-01-25,2298.37,268.15
2017-01-24,2280.07,267.3
2017-01-23,2265.2,267.12
2017-01-20,2271.31,266.52
2017-01-19,2263.69,267.7
2017-01-18,2271.89,267.08
2017-01-17,2267.89,267.37
2017-01-16,2267.89,266.15
2017-01-13,2274.64,267.91
2017-01-12,2270.44,269.95
2017-01-11,2275.32,268.15
2017-01-10,2268.9,263.73
2017-01-09,2268.9,263.74
2017-01-06,2276.98,263.2
2017-01-05,2269.0,261.98
2017-01-04,2270.75,263.12
2017-01-03,2257.83,262.97
2017-01-02,2257.83,260.36
2016-12-30,2238.83,260.36
2016-12-29,2249.26,260.01
2016-12-28,2249.92,259.7
2016-12-27,2268.88,262.49
2016-12-26,2268.88,261.9
2016-12-23,2263.79,261.61
2016-12-22,2260.96,261.97
2016-12-21,2265.18,262.1
2016-12-20,2270.76,262.59
2016-12-19,2262.53,261.93
2016-12-16,2258.07,262.56
2016-12-15,2262.03,261.45
2016-12-14,2253.28,262.0
2016-12-13,2271.72,261.63
2016-12-12,2256.96,260.72
2016-12-09,2259.53,260.91
2016-12-08,2246.19,262.0
2016-12-07,2241.35,256.34
2016-12-06,2212.23,255.63
2016-12-05,2204.71,252.14
2016-12-02,2191.95,252.88
2016-12-01,2191.08,254.48
2016-11-30,2198.81,254.26
2016-11-29,2204.66,252.91
2016-11-28,2201.72,252.96
2016-11-25,2213.35,252.26
2016-11-24,2213.35,252.03
2016-11-23,2204.72,253.66
2016-11-22,2202.94,252.37
2016-11-21,2198.18,249.51
2016-11-18,2181.9,250.21
2016-11-17,2187.12,250.46
2016-11-16,2176.94,250.32
2016-11-15,2180.39,249.2
2016-11-14,2164.2,250.01
2016-11-11,2164.45,251.99
2016-11-10,2167.48,255.31
2016-11-09,2163.26,249.67
2016-11-08,2139.56,255.26
2016-11-07,2131.52,254.6
2016-11-04,2085.18,252.57
2016-11-03,2088.66,252.9
2016-11-02,2097.94,252.83
2016-11-01,2111.72,255.99
2016-10-31,2126.15,255.93
2016-10-28,2126.41,256.53
2016-10-27,2133.04,256.66
2016-10-26,2139.43,255.52
2016-10-25,2143.16,258.57
2016-10-24,2151.33,259.48
2016-10-21,2141.16,257.26
2016-10-20,2141.34,258.41
2016-10-19,2144.29,258.21
2016-10-18,2139.6,257.98
2016-10-17,2126.5,256.19
2016-10-14,2132.98,255.09
2016-10-13,2132.55,253.93
2016-10-12,2139.18,256.2
2016-10-11,2136.73,256.15
2016-10-10,2163.66,260.31
2016-10-07,2153.74,260.06
2016-10-06,2160.77,261.13
2016-10-05,2159.73,258.99
2016-10-04,2150.49,259.18
2016-10-03,2161.2,259.18
2016-09-30,2168.27,257.49
2016-09-29,2151.13,260.35
2016-09-28,2171.37,258.21
2016-09-27,2159.93,259.57
2016-09-26,2146.1,257.48
2016-09-23,2164.69,258.37
2016-09-22,2177.18,258.34
2016-09-21,2163.12,256.52
2016-09-20,2139.76,255.09
2016-09-19,2139.12,253.93
2016-09-16,2139.16,253.93
2016-09-15,2147.26,253.93
2016-09-14,2125.77,253.93
2016-09-13,2127.02,251.77
2016-09-12,2159.04,250.53
2016-09-09,2127.81,257.31
2016-09-08,2181.3,260.86
2016-09-07,2186.16,260.31
2016-09-06,2186.48,260.93
2016-09-05,2186.48,259.64
2016-09-02,2179.98,256.5
2016-09-01,2170.86,256.03
2016-08-31,2170.95,256.87
2016-08-30,2176.12,257.49
2016-08-29,2180.38,256.49
2016-08-26,2169.04,256.23
2016-08-25,2172.47,257.26
2016-08-24,2175.44,257.3
2016-08-23,2186.9,258.42
2016-08-22,2182.64,257.27
2016-08-19,2183.87,258.69
2016-08-18,2187.02,258.11
2016-08-17,2182.22,256.04
2016-08-16,2178.15,256.15
2016-08-15,2190.15,256.15
2016-08-12,2184.05,256.17
2016-08-11,2185.79,256.18
2016-08-10,2175.49,255.43
2016-08-09,2181.74,255.85
2016-08-08,2180.89,254.11
2016-08-05,2182.87,252.36
2016-08-04,2164.25,249.24
2016-08-03,2163.79,248.65
2016-08-02,2157.03,251.93
2016-08-01,2170.84,253.81
2016-07-29,2173.6,251.48
2016-07-28,2170.06,251.86
2016-07-27,2166.58,252.73
2016-07-26,2169.18,252.72
2016-07-25,2168.48,250.65
2016-07-22,2175.03,250.04
2016-07-21,2165.17,250.44
2016-07-20,2173.02,250.66
2016-07-19,2163.78,250.97
2016-07-18,2166.89,251.52
2016-07-15,2161.74,251.02
2016-07-14,2163.75,249.8
2016-07-13,2152.43,249.25
2016-07-12,2152.14,247.14
2016-07-11,2137.16,246.99
2016-07-08,2129.9,243.43
2016-07-07,2097.9,244.6
2016-07-06,2099.73,241.86
2016-07-05,2088.55,246.91
2016-07-04,2088.55,247.62
2016-07-01,2102.95,246.52
2016-06-30,2098.86,244.14
2016-06-29,2070.77,242.32
2016-06-28,2036.09,240.08
2016-06-27,2000.54,239.28
2016-06-24,2037.41,239.21
2016-06-23,2113.32,246.31
2016-06-22,2085.45,246.75
2016-06-21,2088.9,245.34
2016-06-20,2083.25,245.17
2016-06-17,2071.22,241.63
2016-06-16,2077.99,241.61
2016-06-15,2071.5,243.3
2016-06-14,2075.32,243.35
2016-06-13,2079.06,244.05
2016-06-10,2096.07,248.96
2016-06-09,2115.48,250.19
2016-06-08,2119.12,250.04
2016-06-07,2112.13,247.85
2016-06-06,2109.41,247.85
2016-06-03,2099.13,244.39
2016-06-02,2105.26,244.18
2016-06-01,2099.33,243.58
2016-05-31,2096.96,243.63
2016-05-30,2096.96,241.73
2016-05-27,2099.06,241.85
2016-05-26,2090.1,240.58
2016-05-25,2090.54,240.91
2016-05-24,2076.06,237.65
2016-05-23,2048.04,239.85
2016-05-20,2052.32,238.74
2016-05-19,2040.04,239.04
2016-05-18,2047.63,239.82
2016-05-17,2047.21,241.03
2016-05-16,2066.66,240.82
2016-05-13,2046.61,240.6
2016-05-12,2064.11,242.34
2016-05-11,2064.46,243.07
2016-05-10,2084.39,243.68
2016-05-09,2058.69,242.23
2016-05-06,2057.14,242.23
2016-05-05,2050.63,242.23
2016-05-04,2051.12,243.31
2016-05-03,2063.37,244.29
2016-05-02,2081.43,243.47
2016-04-29,2065.3,245.2
2016-04-28,2075.81,246.27
2016-04-27,2095.15,248.69
2016-04-26,2091.7,248.92
2016-04-25,2087.79,248.13
2016-04-22,2091.58,248.32
2016-04-21,2091.48,249.39
2016-04-20,2102.4,247.26
2016-04-19,2100.8,247.88
2016-04-18,2094.34,248.0
2016-04-15,2080.73,248.53
2016-04-14,2082.78,248.89
2016-04-13,2082.42,248.89
2016-04-12,2061.72,243.71
2016-04-11,2041.99,242.06
2016-04-08,2047.6,241.77
2016-04-07,2041.91,242.29
2016-04-06,2066.66,241.99
2016-04-05,2045.17,240.58
2016-04-04,2066.13,243.05
2016-04-01,2072.78,242.36
2016-03-31,2059.74,245.86
2016-03-30,2063.95,246.54
2016-03-29,2055.01,245.53
2016-03-28,2037.05,243.95
2016-03-25,2037.05,243.79
2016-03-24,2035.94,244.08
2016-03-23,2036.71,245.23
2016-03-22,2049.8,245.41
2016-03-21,2051.6,244.28
2016-03-18,2049.58,244.63
2016-03-17,2040.59,244.09
2016-03-16,2027.22,242.35
2016-03-15,2015.93,241.83
2016-03-14,2019.64,242.15
2016-03-11,2022.19,241.97
2016-03-10,1989.57,241.43
2016-03-09,1989.26,239.13
2016-03-08,1979.26,238.44
2016-03-07,2001.76,240.21
2016-03-04,1999.99,239.74
2016-03-03,1993.4,240.09
2016-03-02,1986.45,238.63
2016-03-01,1978.35,238.63
2016-02-29,1932.23,234.63
2016-02-26,1948.05,235.22
2016-02-25,1951.7,235.37
2016-02-24,1929.8,234.91
2016-02-23,1921.27,235.03
2016-02-22,1945.5,234.95
2016-02-19,1917.78,235.27
2016-02-18,1917.83,234.74
2016-02-17,1926.82,231.94
2016-02-16,1895.58,231.52
2016-02-15,1895.58,228.4
2016-02-12,1864.78,224.98
2016-02-11,1829.08,226.7
2016-02-10,1851.86,226.7
2016-02-09,1852.21,226.7
2016-02-08,1853.44,226.7
2016-02-05,1880.05,233.3
2016-02-04,1915.45,232.91
2016-02-03,1912.53,228.97
2016-02-02,1903.03,231.1
2016-02-01,1939.38,233.67
2016-01-29,1940.24,232.1
2016-01-28,1893.36,231.51
2016-01-27,1882.95,230.96
2016-01-26,1903.63,227.19
2016-01-25,1877.08,230.21
2016-01-22,1906.9,228.79
2016-01-21,1868.99,223.81
2016-01-20,1859.33,224.54
2016-01-19,1881.33,230.08
2016-01-18,1881.33,228.59
2016-01-15,1880.33,228.78
2016-01-14,1921.84,231.38
2016-01-13,1890.28,233.52
2016-01-12,1938.68,230.55
2016-01-11,1923.67,230.83
2016-01-08,1922.03,233.68
2016-01-07,1943.09,231.93
2016-01-06,1990.26,234.6
2016-01-05,2016.71,236.13
2016-01-04,2012.66,234.63
2015-12-31,2043.94,234.63
2015-12-30,2063.36,240.38
2015-12-29,2078.36,241.22
2015-12-28,2056.5,241.79
2015-12-24,2060.99,245.33
2015-12-23,2064.29,246.53
2015-12-22,2038.97,245.48
2015-12-21,2021.15,243.76
2015-12-18,2005.55,243.0
2015-12-17,2041.89,244.17
2015-12-16,2073.07,243.49
2015-12-15,2043.41,238.8
2015-12-14,2021.94,238.17
2015-12-11,2012.37,240.35
2015-12-10,2052.23,240.6
2015-12-09,2047.62,239.4
2015-12-08,2063.59,239.23
2015-12-07,2077.07,240.68
2015-12-04,2091.69,242.15
2015-12-03,2049.62,244.68
2015-12-02,2079.51,246.6
2015-12-01,2102.63,248.7
2015-11-30,2080.41,244.24
2015-11-27,2090.11,249.07
2015-11-26,2090.11,249.43
2015-11-25,2088.87,246.58
2015-11-24,2089.14,247.51
2015-11-23,2086.59,245.92
2015-11-20,2089.17,244.8
2015-11-19,2081.24,244.79
2015-11-18,2083.58,241.44
2015-11-17,2050.44,241.26
2015-11-16,2053.19,238.87
2015-11-13,2023.04,242.71
2015-11-12,2045.97,245.14
2015-11-11,2075.0,245.86
2015-11-10,2081.72,245.86
2015-11-09,2078.58,249.21
2015-11-06,2099.2,250.25
2015-11-05,2099.93,251.79
2015-11-04,2102.31,252.33
2015-11-03,2109.79,252.12
2015-11-02,2104.05,250.6
2015-10-30,2079.36,249.41
2015-10-29,2089.41,248.93
2015-10-28,2090.35,249.79
2015-10-27,2065.89,250.04
2015-10-26,2071.18,250.36
2015-10-23,2075.15,249.41
2015-10-22,2052.51,247.22
2015-10-21,2018.94,249.25
2015-10-20,2030.77,248.53
2015-10-19,2033.66,247.47
2015-10-16,2033.11,247.37
2015-10-15,2023.86,247.89
2015-10-14,1994.24,244.94
2015-10-13,2003.69,246.04
2015-10-12,2017.46,246.49
2015-10-09,2014.89,246.49
2015-10-08,2013.43,246.02
2015-10-07,1995.83,243.52
2015-10-06,1979.92,240.18
2015-10-05,1987.05,237.98
2015-10-02,1951.36,237.15
2015-10-01,1923.82,238.62
2015-09-30,1920.03,236.71
2015-09-29,1884.09,236.71
2015-09-28,1881.77,236.71
2015-09-25,1931.34,233.79
2015-09-24,1932.24,234.26
2015-09-23,1938.76,234.26
2015-09-22,1942.74,238.68
2015-09-21,1966.97,236.72
2015-09-18,1958.03,241.12
2015-09-17,1990.2,239.29
2015-09-16,1995.31,238.78
2015-09-15,1978.09,233.59
2015-09-14,1953.03,233.06
2015-09-11,1961.05,233.74
2015-09-10,1952.29,237.18
2015-09-09,1942.04,234.4
2015-09-08,1969.41,227.76
2015-09-07,1969.41,227.31
2015-09-04,1921.22,227.9
2015-09-03,1951.13,230.4
2015-09-02,1948.86,229.91
2015-09-01,1913.85,229.55
2015-08-31,1972.18,232.8
2015-08-28,1988.87,232.35
2015-08-27,1987.66,228.94
2015-08-26,1940.51,227.71
2015-08-25,1867.61,223.07
2015-08-24,1893.21,221.53
2015-08-21,1970.89,227.14
2015-08-20,2035.73,231.59
2015-08-19,2079.61,234.27
2015-08-18,2096.92,235.2
2015-08-17,2102.44,235.37
2015-08-14,2091.54,235.37
2015-08-13,2083.39,237.32
2015-08-12,2086.05,237.24
2015-08-11,2084.07,237.91
2015-08-10,2104.18,239.18
2015-08-07,2077.57,239.79
2015-08-06,2083.56,240.04
2015-08-05,2099.84,243.12
2015-08-04,2093.32,243.55
2015-08-03,2098.04,241.48
2015-07-31,2103.84,244.3
2015-07-30,2108.63,243.61
2015-07-29,2108.57,245.97
2015-07-28,2093.25,245.21
2015-07-27,2067.64,244.98
2015-07-24,2079.65,244.91
2015-07-23,2102.15,247.31
2015-07-22,2114.15,247.88
2015-07-21,2119.21,250.35
2015-07-20,2128.28,248.91
2015-07-17,2126.64,250.23
2015-07-16,2124.29,251.47
2015-07-15,2107.4,249.65
2015-07-14,2108.95,248.64
2015-07-13,2099.6,249.84
2015-07-10,2076.62,246.83
2015-07-09,2051.31,246.77
2015-07-08,2046.68,244.94
2015-07-07,2081.34,248.05
2015-07-06,2068.76,248.3
2015-07-03,2068.76,254.66
2015-07-02,2076.78,255.5
2015-07-01,2077.42,255.07
2015-06-30,2063.11,252.27
2015-06-29,2057.64,251.26
2015-06-26,2101.49,254.48
2015-06-25,2102.31,253.8
2015-06-24,2108.58,254.94
2015-06-23,2124.2,254.52
2015-06-22,2122.85,250.99
2015-06-19,2109.99,249.84
2015-06-18,2121.24,249.67
2015-06-17,2100.44,249.08
2015-06-16,2096.29,248.49
2015-06-15,2084.43,250.74
2015-06-12,2094.11,251.66
2015-06-11,2108.86,252.32
2015-06-10,2105.2,252.11
2015-06-09,2080.15,253.51
2015-06-08,2079.28,254.21
2015-06-05,2092.83,254.94
2015-06-04,2095.84,255.47
2015-06-03,2114.07,254.11
2015-06-02,2109.6,256.29
2015-06-01,2111.73,258.74
2015-05-29,2107.39,260.39
2015-05-28,2120.79,260.06
2015-05-27,2123.48,260.16
2015-05-26,2104.2,265.41
2015-05-22,2126.06,266.03
2015-05-21,2130.82,262.66
2015-05-20,2125.85,265.36
2015-05-19,2127.83,262.92
2015-05-18,2129.2,261.97
2015-05-15,2122.73,261.33
2015-05-14,2121.1,263.69
2015-05-13,2098.48,263.25
2015-05-12,2099.12,261.42
2015-05-11,2105.33,261.49
2015-05-08,2116.1,260.81
2015-05-07,2088.0,262.47
2015-05-06,2080.15,264.03
2015-05-05,2089.46,264.03
2015-05-04,2114.49,267.33
2015-05-01,2108.29,267.33
2015-04-30,2085.51,266.42
2015-04-29,2106.85,268.03
2015-04-28,2114.76,268.55
2015-04-27,2108.92,270.05
2015-04-24,2117.69,271.05
2015-04-23,2112.93,272.59
2015-04-22,2107.96,268.64
2015-04-21,2097.29,268.17
2015-04-20,2100.4,268.55
2015-04-17,2081.18,268.28
2015-04-16,2104.99,268.45
2015-04-15,2106.63,265.77
2015-04-14,2095.84,265.57
2015-04-13,2092.43,263.48
2015-04-10,2102.06,261.95
2015-04-09,2091.18,258.33
2015-04-08,2081.9,258.51
2015-04-07,2076.33,256.88
2015-04-06,2080.62,256.93
2015-04-03,2080.62,256.75
2015-04-02,2066.96,254.99
2015-04-01,2059.69,254.97
2015-03-31,2067.89,257.28
2015-03-30,2086.24,256.1
2015-03-27,2061.02,255.54
2015-03-26,2056.15,255.99
2015-03-25,2061.05,258.94
2015-03-24,2091.5,259.16
2015-03-23,2104.42,258.95
2015-03-20,2108.1,258.7
2015-03-19,2089.27,258.99
2015-03-18,2099.5,258.22
2015-03-17,2074.28,258.18
2015-03-16,2081.19,252.44
2015-03-13,2053.4,252.18
2015-03-12,2065.95,250.28
2015-03-11,2040.24,252.16
2015-03-10,2044.16,251.75
2015-03-09,2079.43,252.77
2015-03-06,2071.26,255.96
2015-03-05,2101.04,254.16
2015-03-04,2098.53,254.31
2015-03-03,2107.78,254.5
2015-03-02,2117.39,253.65
2015-02-27,2104.5,251.46
2015-02-26,2110.74,252.93
2015-02-25,2113.86,252.96
2015-02-24,2115.48,251.28
2015-02-23,2109.66,250.8
2015-02-20,2110.3,250.8
2015-02-19,2097.45,250.8
2015-02-18,2099.68,250.8
2015-02-17,2100.34,250.37
2015-02-16,2100.34,249.81
2015-02-13,2096.99,249.76
2015-02-12,2088.48,247.71
2015-02-11,2068.53,248.4
2015-02-10,2068.59,247.66
2015-02-09,2046.74,249.26
2015-02-06,2055.47,250.16
2015-02-05,2062.52,249.78
2015-02-04,2041.51,251.6
2015-02-03,2050.03,250.38
2015-02-02,2020.85,250.61
2015-01-30,1994.99,249.88
2015-01-29,2021.25,250.46
2015-01-28,2002.16,252.21
2015-01-27,2029.55,252.2
2015-01-26,2057.09,250.14
2015-01-23,2051.82,250.32
2015-01-22,2063.15,248.47
2015-01-21,2032.12,248.59
2015-01-20,2022.55,247.24
2015-01-19,2022.55,244.78
2015-01-16,2019.42,242.22
2015-01-15,1992.67,245.76
2015-01-14,2011.27,245.99
2015-01-13,2023.03,246.29
2015-01-12,2028.26,245.7
2015-01-09,2044.81,246.05
2015-01-08,2062.14,243.94
2015-01-07,2025.9,240.53
2015-01-06,2002.61,239.93
2015-01-05,2020.58,244.26
2015-01-02,2058.2,244.79
2014-12-31,2058.9,244.79
2014-12-30,2080.35,244.05
2014-12-29,2090.57,246.3
2014-12-26,2088.77,250.05
2014-12-24,2081.88,250.07
2014-12-23,2082.17,249.06
2014-12-22,2078.54,249.7
2014-12-19,2070.65,247.96
2014-12-18,2061.23,243.82
2014-12-17,2012.89,243.72
2014-12-16,1972.74,244.43
2014-12-15,1989.63,246.27
2014-12-12,2002.33,246.44
2014-12-11,2035.33,245.54
2014-12-10,2026.14,249.35
2014-12-09,2059.82,253.21
2014-12-08,2060.31,253.71
2014-12-05,2075.37,254.24
2014-12-04,2071.92,254.06
2014-12-03,2074.33,251.65
2014-12-02,2066.55,251.41
2014-12-01,2053.44,251.59
2014-11-28,2067.56,253.7
2014-11-27,2067.56,253.3
2014-11-26,2072.83,252.0
2014-11-25,2067.03,251.72
2014-11-24,2069.41,252.34
2014-11-21,2063.5,249.9
2014-11-20,2052.75,248.96
2014-11-19,2048.72,250.33
2014-11-18,2051.8,250.65
2014-11-17,2041.32,248.3
2014-11-14,2039.82,248.18
2014-11-13,2039.33,250.11
2014-11-12,2038.25,251.26
2014-11-11,2039.68,250.45
2014-11-10,2038.26,250.64
2014-11-07,2031.92,247.39
2014-11-06,2031.21,247.19
2014-11-05,2023.57,245.86
2014-11-04,2012.1,246.51
2014-11-03,2017.81,248.69
2014-10-31,2018.05,250.45
2014-10-30,1994.65,248.84
2014-10-29,1982.3,248.64
2014-10-28,1985.05,243.3
2014-10-27,1961.63,243.89
2014-10-24,1964.58,242.91
2014-10-23,1950.82,243.38
2014-10-22,1927.11,244.12
2014-10-21,1941.28,241.48
2014-10-20,1904.01,243.9
2014-10-17,1886.76,239.84
2014-10-16,1862.76,242.79
2014-10-15,1862.49,243.87
2014-10-14,1877.7,244.47
2014-10-13,1874.74,244.18
2014-10-10,1906.13,245.06
2014-10-09,1928.21,245.06
2014-10-08,1968.89,248.36
2014-10-07,1935.1,249.93
2014-10-06,1964.82,249.19
2014-10-03,1967.9,249.19
2014-10-02,1946.17,250.06
2014-10-01,1946.16,252.81
2014-09-30,1972.29,256.77
2014-09-29,1977.8,257.95
2014-09-26,1982.85,258.33
2014-09-25,1965.99,258.46
2014-09-24,1998.3,258.88
2014-09-23,1982.77,258.49
2014-09-22,1994.29,260.15
2014-09-19,2010.4,262.31
2014-09-18,2011.36,261.72
2014-09-17,2001.57,264.01
2014-09-16,1998.98,261.45
2014-09-15,1984.13,260.56
2014-09-12,1985.54,261.39
2014-09-11,1997.45,259.8
2014-09-10,1995.69,259.8
2014-09-09,1988.44,259.8
2014-09-08,2001.54,259.8
2014-09-05,2007.71,262.09
2014-09-04,1997.65,263.19
2014-09-03,2000.72,262.27
2014-09-02,2002.28,262.61
2014-09-01,2002.28,265.27
2014-08-29,2003.37,265.41
2014-08-28,1996.74,266.19
2014-08-27,2000.12,265.88
2014-08-26,2000.02,265.14
2014-08-25,1997.92,264.46
2014-08-22,1988.4,264.26
2014-08-21,1992.37,262.53
2014-08-20,1986.51,266.79
2014-08-19,1981.6,266.62
2014-08-18,1971.74,264.24
2014-08-15,1955.06,264.24
2014-08-14,1955.18,265.88
2014-08-13,1946.72,265.91
2014-08-12,1933.75,263.34
2014-08-11,1936.92,263.32
2014-08-08,1931.59,262.02
2014-08-07,1909.57,265.64
2014-08-06,1920.24,266.6
2014-08-05,1920.21,267.63
2014-08-04,1938.99,269.65
2014-08-01,1925.15,268.56
2014-07-31,1930.67,269.68
2014-07-30,1970.07,271.17
2014-07-29,1969.95,268.01
2014-07-28,1978.91,265.53
2014-07-25,1978.34,263.47
2014-07-24,1987.98,262.72
2014-07-23,1987.01,262.56
2014-07-22,1983.53,262.86
2014-07-21,1973.63,261.51
2014-07-18,1978.22,261.66
2014-07-17,1958.12,261.93
2014-07-16,1981.57,260.82
2014-07-15,1973.28,260.4
2014-07-14,1977.1,257.27
2014-07-11,1967.57,256.72
2014-07-10,1964.68,259.17
2014-07-09,1972.83,258.87
2014-07-08,1963.71,259.93
2014-07-07,1977.65,259.95
2014-07-04,1977.65,260.63
2014-07-03,1985.44,261.13
2014-07-02,1974.62,262.04
2014-07-01,1973.32,259.74
2014-06-30,1960.23,260.56
2014-06-27,1960.96,258.78
2014-06-26,1957.22,260.03
2014-06-25,1959.53,258.16
2014-06-24,1949.98,259.75
2014-06-23,1962.61,256.77
2014-06-20,1962.87,255.31
2014-06-19,1959.48,258.83
2014-06-18,1956.98,258.7
2014-06-17,1941.99,260.43
2014-06-16,1937.78,259.43
2014-06-13,1936.16,258.75
2014-06-12,1930.11,262.01
2014-06-11,1943.89,262.62
2014-06-10,1950.79,262.64
2014-06-09,1951.27,259.68
2014-06-06,1949.44,259.68
2014-06-05,1940.46,260.56
2014-06-04,1927.88,260.56
2014-06-03,1924.24,262.22
2014-06-02,1924.97,261.4
2014-05-30,1923.57,259.94
2014-05-29,1920.03,262.57
2014-05-28,1909.78,263.01
2014-05-27,1911.91,260.36
2014-05-26,1911.91,262.33
2014-05-23,1900.53,263.42
2014-05-22,1892.49,263.33
2014-05-21,1888.03,262.4
2014-05-20,1872.83,263.04
2014-05-19,1885.08,263.42
2014-05-16,1877.86,262.97
2014-05-15,1870.85,262.4
2014-05-14,1888.53,262.43
2014-05-13,1897.45,258.4
2014-05-12,1896.65,255.8
2014-05-09,1878.48,254.31
2014-05-08,1875.63,253.84
2014-05-07,1878.21,252.35
2014-05-06,1867.72,252.35
2014-05-05,1884.66,252.35
2014-05-02,1881.14,255.07
2014-05-01,1883.68,255.07
2014-04-30,1883.95,255.33
2014-04-29,1878.33,255.8
2014-04-28,1869.43,256.8
2014-04-25,1863.4,257.42
2014-04-24,1878.61,261.08
2014-04-23,1875.39,261.2
2014-04-22,1879.55,261.55
2014-04-21,1871.89,260.9
2014-04-18,1871.89,261.52
2014-04-17,1864.85,259.66
2014-04-16,1862.31,259.83
2014-04-15,1842.98,259.74
2014-04-14,1830.61,260.51
2014-04-11,1815.69,260.53
2014-04-10,1833.08,262.41
2014-04-09,1872.18,261.21
2014-04-08,1851.96,260.47
2014-04-07,1845.04,259.89
2014-04-04,1865.09,259.47
2014-04-03,1888.77,259.34
2014-04-02,1890.9,259.7
2014-04-01,1885.52,258.95
2014-03-31,1872.34,258.11
2014-03-28,1857.62,257.44
2014-03-27,1849.04,257.26
2014-03-26,1852.56,255.08
2014-03-25,1865.62,251.56
2014-03-24,1857.44,252.31
2014-03-21,1866.52,250.68
2014-03-20,1872.01,248.68
2014-03-19,1860.77,251.32
2014-03-18,1872.25,251.87
2014-03-17,1858.83,250.15
2014-03-14,1841.13,249.02
2014-03-13,1846.34,251.09
2014-03-12,1868.2,251.11
2014-03-11,1867.63,255.49
2014-03-10,1877.17,254.48
2014-03-07,1878.04,257.35
2014-03-06,1877.03,257.63
2014-03-05,1873.81,257.3
2014-03-04,1873.91,254.78
2014-03-03,1845.73,256.29
2014-02-28,1859.45,258.41
2014-02-27,1854.29,258.28
2014-02-26,1845.16,257.31
2014-02-25,1845.12,256.24
2014-02-24,1847.61,254.01
2014-02-21,1836.25,255.22
2014-02-20,1839.78,250.95
2014-02-19,1828.75,252.92
2014-02-18,1840.76,253.66
2014-02-17,1840.76,253.64
2014-02-14,1838.63,252.74
2014-02-13,1829.83,250.97
2014-02-12,1819.26,252.31
2014-02-11,1819.75,251.87
2014-02-10,1799.84,250.47
2014-02-07,1797.02,250.51
2014-02-06,1773.43,248.56
2014-02-05,1751.64,246.04
2014-02-04,1755.2,245.3
2014-02-03,1741.89,250.01
2014-01-31,1782.59,250.01
2014-01-30,1794.19,250.01
2014-01-29,1774.2,252.89
2014-01-28,1792.5,249.91
2014-01-27,1781.56,248.95
2014-01-24,1790.29,252.89
2014-01-23,1828.46,253.74
2014-01-22,1844.86,257.08
2014-01-21,1843.8,256.34
2014-01-20,1843.8,254.81
2014-01-17,1838.7,253.46
2014-01-16,1845.89,255.36
2014-01-15,1848.38,254.73
2014-01-14,1838.88,253.97
2014-01-13,1819.2,254.08
2014-01-10,1842.37,252.48
2014-01-09,1838.13,253.63
2014-01-08,1837.49,255.76
2014-01-07,1837.88,255.98
2014-01-06,1826.77,255.41
2014-01-03,1831.37,254.48
2014-01-02,1831.98,257.64
2013-12-31,1848.36,257.64
2013-12-30,1841.07,264.24
2013-12-27,1841.4,263.32
2013-12-26,1842.02,263.15
2013-12-24,1833.32,263.58
2013-12-23,1827.99,263.24
2013-12-20,1818.32,261.27
2013-12-19,1809.6,260.2
2013-12-18,1810.65,259.98
2013-12-17,1781.0,258.72
2013-12-16,1786.54,257.9
2013-12-13,1775.32,258.04
2013-12-12,1775.5,259.05
2013-12-11,1782.22,260.55
2013-12-10,1802.62,262.68
2013-12-09,1808.37,263.7
2013-12-06,1805.09,260.71
2013-12-05,1785.03,261.1
2013-12-04,1792.81,261.48
2013-12-03,1795.15,264.84
2013-12-02,1800.9,267.58
2013-11-29,1805.81,269.57
2013-11-28,1805.81,269.7
2013-11-27,1807.23,267.15
2013-11-26,1802.75,266.26
2013-11-25,1802.48,265.21
2013-11-22,1804.76,263.86
2013-11-21,1795.85,262.2
2013-11-20,1781.37,265.62
2013-11-19,1787.87,267.81
2013-11-18,1791.53,265.03
2013-11-15,1798.18,264.2
2013-11-14,1790.62,258.44
2013-11-13,1782.0,258.04
2013-11-12,1767.69,262.81
2013-11-11,1771.89,260.15
2013-11-08,1770.61,260.53
2013-11-07,1747.15,263.34
2013-11-06,1770.49,264.62
2013-11-05,1762.97,264.96
2013-11-04,1767.93,266.59
2013-11-01,1761.64,268.63
2013-10-31,1756.54,266.91
2013-10-30,1763.31,271.44
2013-10-29,1771.95,270.28
2013-10-28,1762.11,269.74
2013-10-25,1759.77,267.51
2013-10-24,1752.07,269.36
2013-10-23,1746.38,268.03
2013-10-22,1754.67,271.11
2013-10-21,1744.66,271.22
2013-10-18,1744.5,271.24
2013-10-17,1733.15,269.59
2013-10-16,1721.54,268.25
2013-10-15,1698.06,269.02
2013-10-14,1710.14,265.81
2013-10-11,1703.2,266.35
2013-10-10,1692.56,262.9
2013-10-09,1656.4,262.9
2013-10-08,1655.45,263.14
2013-10-07,1676.12,261.85
2013-10-04,1690.5,261.78
2013-10-03,1678.66,261.78
2013-10-02,1693.87,261.87
2013-10-01,1695.0,261.48
2013-09-30,1681.55,260.91
2013-09-27,1691.75,262.94
2013-09-26,1698.67,262.68
2013-09-25,1692.77,261.45
2013-09-24,1697.42,262.83
2013-09-23,1701.84,263.02
2013-09-20,1709.91,263.02
2013-09-19,1722.34,263.02
2013-09-18,1725.52,263.02
2013-09-17,1704.76,262.56
2013-09-16,1697.6,263.86
2013-09-13,1687.99,260.83
2013-09-12,1683.42,262.32
2013-09-11,1689.13,262.38
2013-09-10,1683.99,261.2
2013-09-09,1671.71,258.12
2013-09-06,1655.17,255.25
2013-09-05,1655.08,254.62
2013-09-04,1653.08,252.15
2013-09-03,1639.77,252.05
2013-09-02,1639.77,251.13
2013-08-30,1632.97,251.74
2013-08-29,1638.17,248.86
2013-08-28,1634.96,245.67
2013-08-27,1630.48,245.71
2013-08-26,1656.78,245.71
2013-08-23,1663.5,243.37
2013-08-22,1656.96,240.37
2013-08-21,1642.8,242.49
2013-08-20,1652.35,245.13
2013-08-19,1646.06,248.89
2013-08-16,1655.83,249.23
2013-08-15,1661.32,249.23
2013-08-14,1685.39,249.82
2013-08-13,1694.16,248.2
2013-08-12,1689.47,243.78
2013-08-09,1691.42,243.13
2013-08-08,1697.48,243.39
2013-08-07,1690.91,242.75
2013-08-06,1697.37,246.8
2013-08-05,1707.14,248.25
2013-08-02,1709.67,249.33
2013-08-01,1706.87,248.89
2013-07-31,1685.73,247.99
2013-07-30,1685.96,248.78
2013-07-29,1685.33,246.53
2013-07-26,1691.65,247.8
2013-07-25,1690.25,247.71
2013-07-24,1685.94,247.84
2013-07-23,1692.39,246.63
2013-07-22,1695.53,243.18
2013-07-19,1692.09,242.03
2013-07-18,1689.37,242.92
2013-07-17,1680.91,244.82
2013-07-16,1676.26,242.02
2013-07-15,1682.5,243.43
2013-07-12,1680.19,242.72
2013-07-11,1675.02,243.88
2013-07-10,1652.62,236.23
2013-07-09,1652.32,236.94
2013-07-08,1640.46,235.12
2013-07-05,1631.89,237.28
2013-07-04,1631.89,238.56
2013-07-03,1615.41,236.63
2013-07-02,1614.08,240.8
2013-07-01,1614.96,241.05
2013-06-28,1606.28,242.27
2013-06-27,1613.2,238.65
2013-06-26,1603.26,231.52
2013-06-25,1588.03,231.75
2013-06-24,1573.09,233.47
2013-06-21,1592.43,236.57
2013-06-20,1588.19,240.26
2013-06-19,1628.93,245.44
2013-06-18,1651.81,247.13
2013-06-17,1639.04,244.77
2013-06-14,1626.73,245.36
2013-06-13,1636.36,244.49
2013-06-12,1612.52,248.5
2013-06-11,1626.13,250.19
2013-06-10,1642.81,252.2
2013-06-07,1643.38,251.2
2013-06-06,1622.56,251.2
2013-06-05,1608.9,256.51
2013-06-04,1631.38,260.54
2013-06-03,1640.42,260.29
2013-05-31,1630.74,261.47
2013-05-30,1654.41,261.21
2013-05-29,1648.36,260.92
2013-05-28,1660.06,258.59
2013-05-27,1660.06,258.19
2013-05-24,1649.6,257.32
2013-05-23,1650.51,256.66
2013-05-22,1655.35,260.19
2013-05-21,1669.16,258.18
2013-05-20,1666.29,258.6
2013-05-17,1667.47,258.6
2013-05-16,1650.47,258.99
2013-05-15,1658.78,256.6
2013-05-14,1650.34,256.29
2013-05-13,1633.77,253.29
2013-05-10,1633.7,252.72
2013-05-09,1626.67,257.53
2013-05-08,1632.69,254.02
2013-05-07,1625.96,253.84
2013-05-06,1617.5,255.2
2013-05-03,1614.42,256.02
2013-05-02,1597.59,254.92
2013-05-01,1582.7,254.92
2013-04-30,1597.57,255.72
2013-04-29,1593.61,252.25
2013-04-26,1582.24,253.04
2013-04-25,1585.16,254.49
2013-04-24,1578.79,252.0
2013-04-23,1578.78,250.01
2013-04-22,1562.5,251.46
2013-04-19,1555.25,248.77
2013-04-18,1541.61,247.85
2013-04-17,1552.01,251.51
2013-04-16,1574.57,251.78
2013-04-15,1552.36,251.51
2013-04-12,1588.85,252.0
2013-04-11,1593.37,256.18
2013-04-10,1587.73,254.34
2013-04-09,1568.61,252.53
2013-04-08,1563.07,252.39
2013-04-05,1553.28,252.77
2013-04-04,1559.98,257.05
2013-04-03,1553.69,260.36
2013-04-02,1570.25,260.79
2013-04-01,1562.17,262.27
2013-03-29,1562.17,263.39
2013-03-28,1569.19,261.86
2013-03-27,1562.85,261.86
2013-03-26,1563.77,260.54
2013-03-25,1551.69,259.58
2013-03-22,1556.89,255.33
2013-03-21,1545.8,255.82
2013-03-20,1558.71,257.04
2013-03-19,1548.34,259.79
2013-03-18,1552.1,258.3
2013-03-15,1560.7,260.84
2013-03-14,1563.23,263.37
2013-03-13,1554.52,263.33
2013-03-12,1552.48,262.43
2013-03-11,1556.22,264.15
2013-03-08,1551.18,264.57
2013-03-07,1544.26,264.78
2013-03-06,1541.46,267.25
2013-03-05,1539.79,266.54
2013-03-04,1525.2,266.14
2013-03-01,1518.2,266.14
2013-02-28,1514.68,268.01
2013-02-27,1515.99,265.04
2013-02-26,1496.94,264.68
2013-02-25,1487.85,266.01
2013-02-22,1515.6,267.15
2013-02-21,1502.42,266.85
2013-02-20,1511.95,268.07
2013-02-19,1530.94,262.16
2013-02-18,1530.94,261.63
2013-02-15,1519.79,261.61
2013-02-14,1521.38,261.44
2013-02-13,1520.33,260.92
2013-02-12,1519.43,256.65
2013-02-11,1517.01,256.65
2013-02-08,1517.93,257.09
2013-02-07,1509.39,254.0
2013-02-06,1512.12,254.31
2013-02-05,1511.29,254.82
2013-02-04,1495.71,256.89
2013-02-01,1513.17,257.64
2013-01-31,1498.11,258.07
2013-01-30,1501.96,258.47
2013-01-29,1507.84,257.22
2013-01-28,1500.18,254.66
2013-01-25,1502.96,256.06
2013-01-24,1494.82,258.74
2013-01-23,1494.81,261.1
2013-01-22,1492.56,262.91
2013-01-21,1492.56,261.3
2013-01-18,1485.98,261.71
2013-01-17,1480.94,260.1
2013-01-16,1472.63,260.49
2013-01-15,1472.34,261.43
2013-01-14,1470.68,264.8
2013-01-11,1472.05,263.32
2013-01-10,1472.12,264.95
2013-01-09,1461.02,262.9
2013-01-08,1457.15,263.95
2013-01-07,1461.89,265.97
2013-01-04,1466.47,266.14
2013-01-03,1459.37,267.52
2013-01-02,1462.42,269.16
2012-12-31,1426.19,269.16
2012-12-28,1402.43,263.92
2012-12-27,1418.1,262.68
2012-12-26,1419.83,261.97
2012-12-24,1426.66,262.11
2012-12-21,1430.15,261.89
2012-12-20,1443.69,264.78
2012-12-19,1435.81,264.78
2012-12-18,1446.79,264.23
2012-12-17,1430.36,262.76
2012-12-14,1413.58,264.56
2012-12-13,1419.45,265.79
2012-12-12,1428.48,261.67
2012-12-11,1427.84,260.12
2012-12-10,1418.55,259.03
2012-12-07,1418.07,258.78
2012-12-06,1413.94,257.27
2012-12-05,1409.28,256.63
2012-12-04,1407.05,254.83
2012-12-03,1409.46,255.57
2012-11-30,1416.18,254.25
2012-11-29,1415.95,254.73
2012-11-28,1409.93,251.72
2012-11-27,1398.94,253.41
2012-11-26,1406.29,250.73
2012-11-23,1409.15,251.44
2012-11-22,1409.15,249.51
2012-11-21,1391.03,247.02
2012-11-20,1387.81,247.72
2012-11-19,1386.89,245.82
2012-11-16,1359.88,243.45
2012-11-15,1353.33,244.64
2012-11-14,1355.49,247.8
2012-11-13,1374.53,246.9
2012-11-12,1380.03,248.18
2012-11-09,1379.85,248.69
2012-11-08,1377.51,250.13
2012-11-07,1394.53,253.7
2012-11-06,1428.39,252.3
2012-11-05,1417.26,249.5
2012-11-02,1414.2,251.04
2012-11-01,1427.59,247.83
2012-10-31,1412.16,250.18
2012-10-30,1412.16,248.52
2012-10-29,1412.16,247.66
2012-10-26,1411.94,247.18
2012-10-25,1412.97,251.72
2012-10-24,1408.75,249.8
2012-10-23,1413.11,251.86
2012-10-22,1433.82,254.22
2012-10-19,1433.19,254.79
2012-10-18,1457.34,257.27
2012-10-17,1460.91,256.06
2012-10-16,1454.92,253.98
2012-10-15,1440.13,251.44
2012-10-12,1428.59,252.44
2012-10-11,1432.84,252.84
2012-10-10,1432.56,255.15
2012-10-09,1441.48,259.66
2012-10-08,1455.88,260.11
2012-10-05,1460.93,262.07
2012-10-04,1461.4,261.92
2012-10-03,1450.99,261.92
2012-10-02,1445.75,262.48
2012-10-01,1444.49,262.48
2012-09-28,1440.67,262.49
2012-09-27,1447.15,261.62
2012-09-26,1433.32,260.42
2012-09-25,1441.59,262.03
2012-09-24,1456.89,263.56
2012-09-21,1460.15,263.41
2012-09-20,1460.26,261.87
2012-09-19,1461.05,264.44
2012-09-18,1459.32,264.25
2012-09-17,1461.19,263.97
2012-09-14,1465.77,265.02
2012-09-13,1459.99,256.87
2012-09-12,1436.56,256.95
2012-09-11,1433.56,252.73
2012-09-10,1429.08,253.38
2012-09-07,1437.92,254.02
2012-09-06,1432.12,246.79
2012-09-05,1403.44,245.75
2012-09-04,1404.94,250.56
2012-09-03,1404.94,251.23
2012-08-31,1406.58,250.56
2012-08-30,1399.48,250.96
2012-08-29,1410.49,254.22
2012-08-28,1409.3,252.57
2012-08-27,1410.44,252.77
2012-08-24,1411.13,253.73
2012-08-23,1402.08,257.28
2012-08-22,1413.49,256.21
2012-08-21,1413.17,257.5
2012-08-20,1418.13,258.03
2012-08-17,1418.16,258.2
2012-08-16,1415.51,260.08
2012-08-15,1405.53,260.08
2012-08-14,1403.93,260.11
2012-08-13,1404.11,256.65
2012-08-10,1405.87,258.91
2012-08-09,1402.8,258.08
2012-08-08,1402.22,252.84
2012-08-07,1401.35,250.39
2012-08-06,1394.23,250.36
2012-08-03,1390.99,244.81
2012-08-02,1365.0,247.9
2012-08-01,1375.14,249.6
2012-07-31,1379.32,250.08
2012-07-30,1385.3,244.58
2012-07-27,1385.97,242.23
2012-07-26,1360.02,235.33
2012-07-25,1337.89,233.49
2012-07-24,1338.31,236.65
2012-07-23,1350.52,235.75
2012-07-20,1362.66,240.35
2012-07-19,1376.51,240.44
2012-07-18,1372.78,236.42
2012-07-17,1363.67,240.19
2012-07-16,1353.64,239.39
2012-07-13,1356.78,238.77
2012-07-12,1334.76,234.66
2012-07-11,1341.45,240.34
2012-07-10,1341.47,240.88
2012-07-09,1352.46,241.73
2012-07-06,1354.68,245.07
2012-07-05,1367.58,247.67
2012-07-04,1367.58,247.76
2012-07-03,1374.02,246.8
2012-07-02,1365.51,244.46
2012-06-29,1362.16,244.9
2012-06-28,1329.04,239.98
2012-06-27,1331.85,239.85
2012-06-26,1319.99,239.68
2012-06-25,1313.72,240.75
2012-06-22,1335.02,244.15
2012-06-21,1325.51,250.46
2012-06-20,1355.69,252.92
2012-06-19,1357.98,251.31
2012-06-18,1344.78,251.37
2012-06-15,1342.84,246.57
2012-06-14,1329.1,248.62
2012-06-13,1314.88,247.08
2012-06-12,1324.18,246.43
2012-06-11,1308.93,248.3
2012-06-08,1325.66,243.69
2012-06-07,1314.99,245.51
2012-06-06,1315.13,245.51
2012-06-05,1285.5,238.79
2012-06-04,1278.18,236.3
2012-06-01,1278.04,242.98
2012-05-31,1310.33,244.05
2012-05-30,1313.32,244.68
2012-05-29,1332.42,245.26
2012-05-25,1317.82,241.6
2012-05-24,1320.68,240.51
2012-05-23,1318.86,239.76
2012-05-22,1316.63,242.66
2012-05-21,1315.99,238.62
2012-05-18,1295.22,235.85
2012-05-17,1304.86,244.48
2012-05-16,1324.8,243.93
2012-05-15,1330.66,252.32
2012-05-14,1338.35,254.11
2012-05-11,1353.39,254.0
2012-05-10,1357.99,257.89
2012-05-09,1354.58,258.79
2012-05-08,1363.72,261.12
2012-05-07,1369.58,259.73
2012-05-04,1369.1,264.4
2012-05-03,1391.57,266.05
2012-05-02,1402.31,266.61
2012-05-01,1405.82,266.61
2012-04-30,1397.91,264.35
2012-04-27,1403.36,263.43
2012-04-26,1399.98,261.51
2012-04-25,1390.69,260.82
2012-04-24,1371.97,260.76
2012-04-23,1366.94,261.66
2012-04-20,1378.53,261.84
2012-04-19,1376.92,265.58
2012-04-18,1385.14,266.22
2012-04-17,1390.78,263.32
2012-04-16,1369.57,264.49
2012-04-13,1370.26,266.86
2012-04-12,1387.57,263.95
2012-04-11,1368.71,263.95
2012-04-10,1358.59,265.38
2012-04-09,1382.2,265.88
2012-04-06,1382.2,269.97
2012-04-05,1398.08,269.96
2012-04-04,1398.96,268.33
2012-04-03,1413.38,272.46
2012-04-02,1419.04,268.99
2012-03-30,1408.47,266.58
2012-03-29,1403.28,267.13
2012-03-28,1405.54,269.64
2012-03-27,1412.52,270.71
2012-03-26,1416.51,267.41
2012-03-23,1397.11,267.95
2012-03-22,1392.78,267.98
2012-03-21,1402.89,267.79
2012-03-20,1405.52,269.68
2012-03-19,1409.75,270.27
2012-03-16,1404.17,268.27
2012-03-15,1402.6,269.76
2012-03-14,1394.28,269.85
2012-03-13,1395.95,266.9
2012-03-12,1371.09,263.74
2012-03-09,1370.87,265.62
2012-03-08,1365.91,262.85
2012-03-07,1352.63,260.35
2012-03-06,1343.36,262.85
2012-03-05,1364.33,264.75
2012-03-02,1369.63,267.45
2012-03-01,1374.09,267.45
2012-02-29,1365.68,267.13
2012-02-28,1372.18,263.45
2012-02-27,1367.59,261.3
2012-02-24,1365.74,265.2
2012-02-23,1363.46,263.58
2012-02-22,1357.66,266.63
2012-02-21,1362.21,265.89
2012-02-20,1362.21,265.95
2012-02-17,1361.23,265.82
2012-02-16,1358.04,261.89
2012-02-15,1343.23,265.88
2012-02-14,1350.5,262.38
2012-02-13,1351.77,262.75
2012-02-10,1342.64,261.17
2012-02-09,1351.95,264.5
2012-02-08,1349.96,262.94
2012-02-07,1347.05,259.8
2012-02-06,1344.33,258.93
2012-02-03,1344.9,258.53
2012-02-02,1325.54,260.35
2012-02-01,1324.09,257.06
2012-01-31,1312.41,256.9
2012-01-30,1313.01,255.21
2012-01-27,1316.33,258.65
2012-01-26,1318.43,257.52
2012-01-25,1326.05,257.14
2012-01-24,1314.65,257.14
2012-01-23,1316.0,257.14
2012-01-20,1315.38,256.61
2012-01-19,1314.5,251.27
2012-01-18,1308.04,247.82
2012-01-17,1293.67,247.81
2012-01-16,1293.67,243.1
2012-01-13,1289.09,245.28
2012-01-12,1295.5,243.46
2012-01-11,1292.48,240.83
2012-01-10,1292.08,241.69
2012-01-09,1280.7,238.02
2012-01-06,1277.81,240.57
2012-01-05,1281.06,243.56
2012-01-04,1277.3,244.24
2012-01-03,1277.06,245.82
2012-01-02,1277.06,238.7
2011-12-30,1257.6,238.7
2011-12-29,1263.02,238.08
2011-12-28,1249.64,238.15
2011-12-27,1265.43,240.79
2011-12-26,1265.43,242.64
2011-12-23,1265.33,244.22
2011-12-22,1254.0,241.4
2011-12-21,1243.72,241.51
2011-12-20,1241.3,233.83
2011-12-19,1205.35,231.74
2011-12-16,1219.66,239.82
2011-12-15,1215.75,236.72
2011-12-14,1211.82,242.35
2011-12-13,1225.73,243.48
2011-12-12,1236.47,248.55
2011-12-09,1255.19,244.93
2011-12-08,1234.35,250.31
2011-12-07,1261.01,251.57
2011-12-06,1258.47,249.48
2011-12-05,1257.08,252.22
2011-12-02,1244.28,251.19
2011-12-01,1244.58,251.52
2011-11-30,1246.96,241.19
2011-11-29,1195.19,242.5
2011-11-28,1192.55,236.59
2011-11-25,1158.67,231.03
2011-11-24,1158.67,233.35
2011-11-23,1161.79,231.68
2011-11-22,1188.04,237.8
2011-11-21,1192.98,236.64
2011-11-18,1215.65,239.43
2011-11-17,1216.13,244.6
2011-11-16,1236.91,241.98
2011-11-15,1257.81,246.21
2011-11-14,1251.78,248.27
2011-11-11,1263.85,242.99
2011-11-10,1239.7,236.02
2011-11-09,1229.1,249.23
2011-11-08,1275.92,248.32
2011-11-07,1261.12,250.78
2011-11-04,1253.23,252.34
2011-11-03,1261.15,244.09
2011-11-02,1237.9,248.03
2011-11-01,1218.28,249.92
2011-10-31,1253.3,249.88
2011-10-28,1285.09,252.47
2011-10-27,1284.59,251.2
2011-10-26,1242.0,247.56
2011-10-25,1229.05,247.2
2011-10-24,1254.19,248.21
2011-10-21,1238.25,240.02
2011-10-20,1215.39,235.57
2011-10-19,1209.88,242.11
2011-10-18,1225.38,239.89
2011-10-17,1200.86,243.49
2011-10-14,1224.58,239.67
2011-10-13,1203.66,238.09
2011-10-12,1207.25,236.66
2011-10-11,1195.54,234.8
2011-10-10,1194.89,230.82
2011-10-07,1155.46,230.27
2011-10-06,1164.97,223.94
2011-10-05,1144.03,217.34
2011-10-04,1123.95,221.93
2011-10-03,1099.23,221.93
2011-09-30,1131.42,230.41
2011-09-29,1160.4,230.37
2011-09-28,1151.06,223.82
2011-09-27,1175.38,225.29
2011-09-26,1162.95,214.18
2011-09-23,1136.43,218.62
2011-09-22,1129.56,232.05
2011-09-21,1166.76,239.51
2011-09-20,1202.09,237.53
2011-09-19,1204.09,235.32
2011-09-16,1216.01,237.5
2011-09-15,1209.11,228.58
2011-09-14,1188.68,225.15
2011-09-13,1172.87,225.15
2011-09-12,1162.27,225.15
2011-09-09,1154.23,233.4
2011-09-08,1185.9,238.47
2011-09-07,1198.62,236.12
2011-09-06,1165.24,226.65
2011-09-05,1165.24,228.89
2011-09-02,1173.97,240.16
2011-09-01,1204.42,242.37
2011-08-31,1218.89,242.16
2011-08-30,1212.92,237.64
2011-08-29,1210.08,235.78
2011-08-26,1176.8,229.0
2011-08-25,1159.27,227.02
2011-08-24,1177.6,225.14
2011-08-23,1162.35,228.12
2011-08-22,1123.82,219.15
2011-08-19,1123.53,222.98
2011-08-18,1140.65,238.31
2011-08-17,1193.89,243.43
2011-08-16,1192.76,242.23
2011-08-15,1204.49,242.23
2011-08-12,1178.81,230.38
2011-08-11,1172.64,234.14
2011-08-10,1120.76,233.23
2011-08-09,1172.53,233.52
2011-08-08,1119.46,242.45
2011-08-05,1199.38,251.9
2011-08-04,1200.07,261.54
2011-08-03,1260.34,267.8
2011-08-02,1254.05,275.4
2011-08-01,1286.94,282.36
2011-07-29,1292.28,277.11
2011-07-28,1300.67,280.04
2011-07-27,1304.89,282.7
2011-07-26,1331.94,282.04
2011-07-25,1337.43,279.66
2011-07-22,1345.02,282.59
2011-07-21,1343.8,279.2
2011-07-20,1325.84,280.41
2011-07-19,1326.73,276.58
2011-07-18,1305.44,276.71
2011-07-15,1316.14,279.59
2011-07-14,1308.87,278.03
2011-07-13,1317.72,278.32
2011-07-12,1313.64,275.9
2011-07-11,1319.49,282.46
2011-07-08,1343.8,286.05
2011-07-07,1353.22,286.07
2011-07-06,1339.22,285.12
2011-07-05,1337.88,283.88
2011-07-04,1337.88,281.67
2011-07-01,1339.67,278.77
2011-06-30,1320.64,275.17
2011-06-29,1307.41,274.61
2011-06-28,1296.67,270.41
2011-06-27,1280.1,271.44
2011-06-24,1268.45,274.31
2011-06-23,1283.5,269.34
2011-06-22,1287.14,270.71
2011-06-21,1295.52,268.65
2011-06-20,1278.36,264.39
2011-06-17,1271.5,266.22
2011-06-16,1267.64,268.88
2011-06-15,1265.42,274.53
2011-06-14,1287.87,273.67
2011-06-13,1271.83,269.79
2011-06-10,1270.98,269.04
2011-06-09,1289.0,272.44
2011-06-08,1279.56,274.46
2011-06-07,1284.94,276.97
2011-06-06,1286.17,276.97
2011-06-03,1300.16,278.84
2011-06-02,1312.94,278.76
2011-06-01,1314.55,282.75
2011-05-31,1345.2,282.76
2011-05-30,1345.2,276.32
2011-05-27,1331.1,277.35
2011-05-26,1325.69,276.33
2011-05-25,1320.47,268.62
2011-05-24,1316.28,271.78
2011-05-23,1317.37,271.19
2011-05-20,1333.27,278.59
2011-05-19,1343.6,276.47
2011-05-18,1340.68,281.76
2011-05-17,1328.98,277.15
2011-05-16,1329.47,277.22
2011-05-13,1337.77,279.59
2011-05-12,1348.65,280.02
2011-05-11,1342.08,286.3
2011-05-10,1357.16,286.3
2011-05-09,1346.29,282.59
2011-05-06,1340.2,283.68
2011-05-05,1335.1,283.68
2011-05-04,1347.32,288.46
2011-05-03,1356.62,291.65
2011-05-02,1361.22,295.35
2011-04-29,1363.61,290.39
2011-04-28,1360.48,292.15
2011-04-27,1355.66,292.08
2011-04-26,1347.24,291.38
2011-04-25,1335.25,292.69
2011-04-22,1335.25,290.84
2011-04-21,1337.38,291.16
2011-04-20,1330.36,287.19
2011-04-19,1312.62,280.43
2011-04-18,1305.14,282.14
2011-04-15,1319.68,282.8
2011-04-14,1314.52,283.15
2011-04-13,1314.41,280.68
2011-04-12,1314.16,276.13
2011-04-11,1324.46,280.49
2011-04-08,1328.17,281.05
2011-04-07,1333.51,280.45
2011-04-06,1335.54,281.35
2011-04-05,1332.63,282.03
2011-04-04,1332.87,280.01
2011-04-01,1332.41,280.73
2011-03-31,1325.83,278.87
2011-03-30,1328.26,277.04
2011-03-29,1319.44,274.22
2011-03-28,1310.19,272.13
2011-03-25,1313.8,271.66
2011-03-24,1309.66,268.93
2011-03-23,1297.54,265.67
2011-03-22,1293.77,266.05
2011-03-21,1298.38,264.89
2011-03-18,1279.2,262.39
2011-03-17,1273.72,259.8
2011-03-16,1256.88,259.44
2011-03-15,1281.87,254.29
2011-03-14,1296.39,260.69
2011-03-11,1304.28,256.83
2011-03-10,1295.11,260.59
2011-03-09,1320.02,263.8
2011-03-08,1321.82,263.33
2011-03-07,1310.13,261.44
2011-03-04,1321.15,265.42
2011-03-03,1330.97,260.48
2011-03-02,1308.44,254.96
2011-03-01,1306.33,254.96
2011-02-28,1327.22,256.36
2011-02-25,1319.88,259.28
2011-02-24,1306.1,257.69
2011-02-23,1307.4,259.21
2011-02-22,1315.44,260.13
2011-02-21,1315.44,264.55
2011-02-18,1343.01,265.8
2011-02-17,1340.43,261.23
2011-02-16,1336.32,262.56
2011-02-15,1328.01,265.4
2011-02-14,1332.32,266.02
2011-02-11,1329.15,260.4
2011-02-10,1321.87,264.57
2011-02-09,1320.88,269.9
2011-02-08,1324.57,273.16
2011-02-07,1319.05,274.9
2011-02-04,1310.87,274.9
2011-02-03,1307.1,274.9
2011-02-02,1304.03,274.9
2011-02-01,1307.59,273.45
2011-01-31,1286.12,273.12
2011-01-28,1276.34,278.45
2011-01-27,1299.54,279.2
2011-01-26,1296.63,278.81
2011-01-25,1291.18,275.18
2011-01-24,1290.84,274.5
2011-01-21,1283.35,272.67
2011-01-20,1280.26,277.75
2011-01-19,1281.92,279.25
2011-01-18,1295.02,276.6
2011-01-17,1295.02,277.05
2011-01-14,1293.24,278.17
2011-01-13,1283.76,275.52
2011-01-12,1285.96,276.17
2011-01-11,1274.48,275.1
2011-01-10,1269.75,273.99
2011-01-07,1271.5,275.61
2011-01-06,1273.85,274.72
2011-01-05,1276.56,275.35
2011-01-04,1270.2,275.78
2011-01-03,1271.89,273.81
2010-12-31,1257.64,273.81
2010-12-30,1257.88,271.19
2010-12-29,1259.78,270.44
2010-12-28,1258.51,269.04
2010-12-27,1257.54,267.35
2010-12-24,1257.54,268.5
2010-12-23,1256.77,269.62
2010-12-22,1258.84,269.6
2010-12-21,1254.6,269.31
2010-12-20,1247.08,267.42
2010-12-17,1243.91,267.67
2010-12-16,1242.87,264.92
2010-12-15,1235.23,265.95
2010-12-14,1241.59,265.13
2010-12-13,1240.46,263.31
2010-12-10,1240.4,261.74
2010-12-09,1233.0,262.32
2010-12-08,1228.28,257.51
2010-12-07,1223.75,258.63
2010-12-06,1223.12,257.32
2010-12-03,1224.71,257.65
2010-12-02,1221.53,256.02
2010-12-01,1206.07,252.8
2010-11-30,1180.55,249.64
2010-11-29,1187.76,248.92
2010-11-26,1189.4,249.31
2010-11-25,1189.4,252.45
2010-11-24,1198.35,252.38
2010-11-23,1180.73,252.12
2010-11-22,1197.84,254.0
2010-11-19,1199.73,253.04
2010-11-18,1196.69,251.15
2010-11-17,1178.59,247.3
2010-11-16,1178.34,247.84
2010-11-15,1197.75,249.22
2010-11-12,1199.21,248.35
2010-11-11,1213.54,247.51
2010-11-10,1218.71,255.13
2010-11-09,1213.4,252.07
2010-11-08,1223.25,251.73
2010-11-05,1225.85,251.22
2010-11-04,1221.06,251.12
2010-11-03,1197.96,249.99
2010-11-02,1193.57,247.93
2010-11-01,1184.38,247.41
2010-10-29,1183.26,242.98
2010-10-28,1183.78,246.41
2010-10-27,1182.45,246.61
2010-10-26,1185.64,248.38
2010-10-25,1185.62,248.16
2010-10-22,1183.08,245.84
2010-10-21,1180.26,242.53
2010-10-20,1178.17,241.79
2010-10-19,1165.9,240.11
2010-10-18,1184.71,242.64
2010-10-15,1176.19,246.56
2010-10-14,1173.81,246.25
2010-10-13,1178.1,242.99
2010-10-12,1169.77,242.35
2010-10-11,1165.32,245.44
2010-10-08,1165.15,246.51
2010-10-07,1158.06,247.22
2010-10-06,1159.97,247.7
2010-10-05,1160.75,244.22
2010-10-04,1137.03,243.99
2010-10-01,1146.24,243.49
2010-09-30,1141.2,242.95
2010-09-29,1144.73,242.27
2010-09-28,1147.7,240.59
2010-09-27,1142.16,241.38
2010-09-24,1148.67,239.8
2010-09-23,1124.83,239.8
2010-09-22,1134.28,239.8
2010-09-21,1139.78,239.8
2010-09-20,1142.71,238.29
2010-09-17,1125.59,237.64
2010-09-16,1124.66,235.37
2010-09-15,1125.07,237.14
2010-09-14,1121.1,235.98
2010-09-13,1121.9,236.34
2010-09-10,1109.55,233.93
2010-09-09,1104.18,231.53
2010-09-08,1098.87,230.94
2010-09-07,1091.84,232.45
2010-09-06,1091.84,232.77
2010-09-03,1104.51,231.04
2010-09-02,1090.1,230.66
2010-09-01,1080.29,229.41
2010-08-31,1049.33,226.81
2010-08-30,1048.92,229.63
2010-08-27,1064.59,225.52
2010-08-26,1047.22,225.39
2010-08-25,1055.33,225.99
2010-08-24,1051.87,229.42
2010-08-23,1067.36,230.2
2010-08-20,1071.69,231.17
2010-08-19,1075.63,231.88
2010-08-18,1094.16,228.9
2010-08-17,1092.54,227.96
2010-08-16,1079.38,226.51
2010-08-13,1079.25,227.01
2010-08-12,1083.61,223.96
2010-08-11,1089.47,228.98
2010-08-10,1121.06,232.04
2010-08-09,1127.79,233.14
2010-08-06,1121.64,232.35
2010-08-05,1125.81,232.39
2010-08-04,1127.24,233.14
2010-08-03,1120.46,233.38
2010-08-02,1125.86,232.22
2010-07-30,1101.6,229.25
2010-07-29,1101.53,231.16
2010-07-28,1106.13,231.56
2010-07-27,1113.84,230.93
2010-07-26,1115.01,230.87
2010-07-23,1102.66,229.5
2010-07-22,1093.67,226.23
2010-07-21,1069.59,227.88
2010-07-20,1083.48,225.84
2010-07-19,1071.25,225.32
2010-07-16,1064.88,226.34
2010-07-15,1096.48,228.39
2010-07-14,1095.17,229.27
2010-07-13,1095.34,226.14
2010-07-12,1078.75,225.86
2010-07-09,1077.96,224.44
2010-07-08,1070.25,220.78
2010-07-07,1060.27,217.45
2010-07-06,1028.06,219.12
2010-07-05,1028.06,217.47
2010-07-02,1022.58,217.01
2010-07-01,1027.37,218.65
2010-06-30,1030.71,220.85
2010-06-29,1041.24,222.54
2010-06-28,1074.57,225.55
2010-06-25,1076.76,225.63
2010-06-24,1073.69,227.45
2010-06-23,1092.04,225.59
2010-06-22,1095.31,226.45
2010-06-21,1113.2,227.69
2010-06-18,1117.51,223.77
2010-06-17,1116.04,223.45
2010-06-16,1114.61,223.34
2010-06-15,1115.23,221.34
2010-06-14,1089.63,221.43
2010-06-11,1091.6,219.22
2010-06-10,1086.84,215.73
2010-06-09,1055.69,215.26
2010-06-08,1062.0,216.08
2010-06-07,1050.47,214.38
2010-06-04,1064.88,218.03
2010-06-03,1102.83,217.58
2010-06-02,1098.38,217.58
2010-06-01,1070.71,213.02
2010-05-31,1070.71,214.34
2010-05-28,1089.41,212.1
2010-05-27,1103.06,209.83
2010-05-26,1067.95,206.62
2010-05-25,1074.03,204.83
2010-05-24,1073.65,210.27
2010-05-21,1087.69,210.27
2010-05-20,1071.59,208.78
2010-05-19,1115.05,212.43
2010-05-18,1120.8,214.42
2010-05-17,1136.94,215.36
2010-05-14,1135.68,221.08
2010-05-13,1157.44,220.8
2010-05-12,1171.67,216.78
2010-05-11,1155.79,217.63
2010-05-10,1159.73,219.1
2010-05-07,1110.88,215.09
2010-05-06,1128.15,220.21
2010-05-05,1165.87,220.21
2010-05-04,1173.6,224.76
2010-05-03,1202.26,225.1
2010-04-30,1186.69,227.95
2010-04-29,1206.78,226.11
2010-04-28,1191.36,226.98
2010-04-27,1183.71,229.28
2010-04-26,1212.05,229.64
2010-04-23,1217.28,227.36
2010-04-22,1208.67,227.76
2010-04-21,1205.94,229.09
2010-04-20,1207.17,225.13
2010-04-19,1197.52,223.65
2010-04-16,1192.13,227.69
2010-04-15,1211.67,229.17
2010-04-14,1210.65,228.08
2010-04-13,1197.3,224.69
2010-04-12,1196.48,224.59
2010-04-09,1194.37,226.81
2010-04-08,1186.43,228.27
2010-04-07,1182.44,227.31
2010-04-06,1189.44,227.51
2010-04-05,1187.44,227.48
2010-04-02,1187.44,226.69
2010-04-01,1178.1,225.47
2010-03-31,1169.43,221.58
2010-03-30,1173.27,222.48
2010-03-29,1173.22,221.6
2010-03-26,1166.59,222.25
2010-03-25,1165.73,221.07
2010-03-24,1167.72,220.09
2010-03-23,1174.17,220.09
2010-03-22,1165.81,218.52
2010-03-19,1159.9,220.48
2010-03-18,1165.82,219.02
2010-03-17,1166.21,220.28
2010-03-16,1159.46,215.25
2010-03-15,1150.51,215.49
2010-03-12,1149.99,217.35
2010-03-11,1150.24,216.76
2010-03-10,1145.61,217.82
2010-03-09,1140.44,217.82
2010-03-08,1138.5,217.73
2010-03-05,1138.7,214.05
2010-03-04,1122.97,211.91
2010-03-03,1118.79,212.36
2010-03-02,1118.31,211.44
2010-03-01,1115.71,211.44
2010-02-26,1104.49,208.36
2010-02-25,1102.94,207.56
2010-02-24,1105.24,210.92
2010-02-23,1094.6,213.45
2010-02-22,1108.01,213.28
2010-02-19,1109.17,208.7
2010-02-18,1106.75,212.55
2010-02-17,1099.51,213.44
2010-02-16,1094.87,209.73
2010-02-12,1075.51,208.74
2010-02-11,1078.47,209.73
2010-02-10,1068.13,205.94
2010-02-09,1070.52,206.01
2010-02-08,1056.74,203.37
2010-02-05,1066.19,205.06
2010-02-04,1063.11,211.72
2010-02-03,1097.28,211.86
2010-02-02,1103.32,209.27
2010-02-01,1089.19,210.76
2010-01-29,1073.87,210.34
2010-01-28,1084.53,215.67
2010-01-27,1097.5,213.02
2010-01-26,1092.17,214.89
2010-01-25,1096.78,219.33
2010-01-22,1091.76,220.68
2010-01-21,1116.48,226.16
2010-01-20,1138.04,224.83
2010-01-19,1150.23,224.13
2010-01-18,1150.23,224.38
2010-01-15,1136.03,223.21
2010-01-14,1148.46,221.19
2010-01-13,1145.68,219.17
2010-01-12,1136.22,223.04
2010-01-11,1146.98,222.23
2010-01-08,1144.98,222.66
2010-01-07,1141.69,221.31
2010-01-06,1137.14,224.67
2010-01-05,1136.52,222.84
2010-01-04,1132.99,223.49
2009-12-31,1115.1,223.49
2009-12-30,1126.42,221.86
2009-12-29,1126.19,220.34
2009-12-28,1127.78,222.03
2009-12-24,1126.48,221.67
2009-12-23,1120.59,218.95
2009-12-22,1118.02,217.87
2009-12-21,1114.05,216.2
2009-12-18,1102.47,216.68
2009-12-17,1096.08,216.9
2009-12-16,1109.18,219.32
2009-12-15,1107.93,219.6
2009-12-14,1114.11,219.51
2009-12-11,1106.41,218.77
2009-12-10,1102.35,218.73
2009-12-09,1095.95,215.75
2009-12-08,1091.94,214.91
2009-12-07,1103.25,215.55
2009-12-04,1105.98,214.5
2009-12-03,1099.92,213.31
2009-12-02,1109.24,210.25
2009-12-01,1108.86,207.07
2009-11-30,1095.63,204.75
2009-11-27,1091.49,200.73
2009-11-26,1091.49,210.77
2009-11-25,1110.63,212.61
2009-11-24,1105.65,211.92
2009-11-23,1106.24,213.72
2009-11-20,1091.38,213.76
2009-11-19,1094.9,213.89
2009-11-18,1109.8,211.56
2009-11-17,1110.32,209.0
2009-11-16,1109.3,209.9
2009-11-13,1093.48,206.84
2009-11-12,1087.24,206.67
2009-11-11,1098.51,210.08
2009-11-10,1093.01,208.23
2009-11-09,1093.08,207.29
2009-11-06,1069.3,206.53
2009-11-05,1066.63,203.52
2009-11-04,1046.5,207.18
2009-11-03,1045.41,203.13
2009-11-02,1042.88,204.25
2009-10-30,1036.19,206.81
2009-10-29,1066.11,207.68
2009-10-28,1042.63,211.03
2009-10-27,1063.41,216.47
2009-10-26,1066.95,217.45
2009-10-23,1079.6,214.73
2009-10-22,1092.91,213.25
2009-10-21,1081.4,216.64
2009-10-20,1091.06,217.53
2009-10-19,1097.91,216.19
2009-10-16,1087.68,214.91
2009-10-15,1096.56,217.47
2009-10-14,1092.02,215.9
2009-10-13,1073.19,213.1
2009-10-12,1076.19,214.23
2009-10-09,1071.49,215.57
2009-10-08,1065.48,211.01
2009-10-07,1057.58,208.94
2009-10-06,1054.72,209.25
2009-10-05,1040.46,210.38
2009-10-02,1025.21,210.38
2009-10-01,1029.85,215.94
2009-09-30,1057.08,219.75
2009-09-29,1060.61,221.59
2009-09-28,1062.98,219.66
2009-09-25,1044.38,221.82
2009-09-24,1050.78,222.35
2009-09-23,1060.87,224.69
2009-09-22,1071.66,225.27
2009-09-21,1064.66,221.85
2009-09-18,1068.3,222.34
2009-09-17,1065.49,222.31
2009-09-16,1068.76,220.53
2009-09-15,1052.63,216.14
2009-09-14,1049.34,213.42
2009-09-11,1042.73,215.81
2009-09-10,1044.14,214.92
2009-09-09,1033.37,210.09
2009-09-08,1025.39,211.4
2009-09-07,1016.4,209.73
2009-09-04,1016.4,209.81
2009-09-03,1003.24,210.6
2009-09-02,994.75,210.51
2009-09-01,998.04,211.89
2009-08-31,1020.62,207.44
2009-08-28,1028.93,209.74
2009-08-27,1030.98,208.62
2009-08-26,1028.12,210.62
2009-08-25,1028.0,209.12
2009-08-24,1025.57,210.6
2009-08-21,1026.13,206.26
2009-08-20,1007.37,205.22
2009-08-19,996.46,201.08
2009-08-18,989.67,201.33
2009-08-17,979.73,200.52
2009-08-14,1004.09,206.46
2009-08-13,1012.73,202.46
2009-08-12,1005.81,202.67
2009-08-11,994.35,204.96
2009-08-10,1007.1,204.77
2009-08-07,1010.48,204.95
2009-08-06,997.08,203.74
2009-08-05,1002.72,203.19
2009-08-04,1005.65,204.1
2009-08-03,1002.63,203.81
2009-07-31,987.48,202.96
2009-07-30,986.75,199.88
2009-07-29,975.15,198.24
2009-07-28,979.62,198.52
2009-07-27,982.18,198.07
2009-07-24,979.26,195.13
2009-07-23,976.29,194.4
2009-07-22,954.07,194.29
2009-07-21,954.58,193.62
2009-07-20,951.13,192.25
2009-07-17,940.38,187.16
2009-07-16,940.74,186.22
2009-07-15,932.68,184.26
2009-07-14,905.84,179.43
2009-07-13,901.05,178.15
2009-07-10,879.13,184.56
2009-07-09,882.68,184.72
2009-07-08,879.56,184.73
2009-07-07,881.03,185.11
2009-07-06,898.72,184.5
2009-07-03,898.72,182.92
2009-07-02,896.42,181.85
2009-07-01,923.33,181.95
2009-06-30,919.32,178.99
2009-06-29,927.23,178.81
2009-06-26,918.9,179.28
2009-06-25,920.26,178.86
2009-06-24,900.94,175.08
2009-06-23,895.1,174.32
2009-06-22,893.04,179.02
2009-06-19,921.23,176.63
2009-06-18,918.37,175.54
2009-06-17,910.71,177.8
2009-06-16,911.97,178.88
2009-06-15,923.72,180.66
2009-06-12,946.21,182.69
2009-06-11,944.89,181.43
2009-06-10,939.15,180.91
2009-06-09,942.43,174.91
2009-06-08,939.14,177.67
2009-06-05,940.09,177.77
2009-06-04,942.46,175.75
2009-06-03,931.76,180.31
2009-06-02,944.74,180.47
2009-06-01,942.87,180.9
2009-05-29,919.14,178.7
2009-05-28,906.83,178.19
2009-05-27,893.06,173.75
2009-05-26,910.33,174.77
2009-05-25,910.33,178.57
2009-05-22,887.0,179.01
2009-05-21,888.33,181.82
2009-05-20,903.47,183.8
2009-05-19,908.13,182.76
2009-05-18,909.71,177.26
2009-05-15,882.88,177.8
2009-05-14,893.07,176.29
2009-05-13,883.92,181.14
2009-05-12,908.35,179.73
2009-05-11,909.24,181.35
2009-05-08,929.23,181.04
2009-05-07,907.39,179.74
2009-05-06,919.53,178.82
2009-05-05,903.8,178.82
2009-05-04,907.24,179.69
2009-05-01,877.52,179.69
2009-04-30,872.81,176.0
2009-04-29,873.64,172.08
2009-04-28,855.16,167.24
2009-04-27,857.51,172.13
2009-04-24,866.23,174.13
2009-04-23,851.92,176.14
2009-04-22,843.55,174.4
2009-04-21,850.08,171.96
2009-04-20,832.39,172.3
2009-04-17,869.6,171.33
2009-04-16,865.3,171.73
2009-04-15,852.06,171.21
2009-04-14,841.5,172.03
2009-04-13,858.73,171.69
2009-04-10,858.73,172.01
2009-04-09,856.56,169.48
2009-04-08,825.16,162.68
2009-04-07,815.55,168.34
2009-04-06,835.48,168.62
2009-04-03,842.5,167.11
2009-04-02,834.38,166.18
2009-04-01,811.08,160.46
2009-03-31,797.87,157.01
2009-03-30,787.53,156.23
2009-03-29,815.94,156.23
2009-03-27,815.94,161.66
2009-03-26,832.86,162.22
2009-03-25,813.88,160.28
2009-03-24,806.25,159.56
2009-03-23,822.92,156.42
2009-03-20,768.54,152.58
2009-03-19,784.04,151.51
2009-03-18,794.35,152.89
2009-03-17,778.12,152.17
2009-03-16,753.89,147.0
2009-03-13,756.55,147.29
2009-03-12,750.74,148.02
2009-03-11,721.36,147.6
2009-03-10,719.6,142.73
2009-03-09,676.53,140.0
2009-03-06,683.38,137.83
2009-03-05,682.55,138.25
2009-03-04,712.87,138.21
2009-03-03,696.33,133.78
2009-03-02,700.82,132.47
2009-02-27,735.09,138.07
2009-02-26,752.83,136.98
2009-02-25,764.9,138.65
2009-02-24,773.14,137.82
2009-02-23,743.33,142.78
2009-02-20,770.05,138.31
2009-02-19,778.94,143.6
2009-02-18,788.42,144.21
2009-02-17,789.17,146.6
2009-02-16,789.17,152.66
2009-02-13,826.84,155.19
2009-02-12,835.19,153.66
2009-02-11,833.74,155.26
2009-02-10,827.16,156.84
2009-02-09,869.89,157.7
2009-02-06,868.6,158.9
2009-02-05,845.85,154.0
2009-02-04,832.23,155.99
2009-02-03,838.51,151.42
2009-02-02,825.44,149.0
2009-01-30,825.88,151.33
2009-01-29,845.14,152.29
2009-01-28,874.09,151.04
2009-01-27,845.71,151.04
2009-01-26,836.57,151.04
2009-01-23,831.95,141.75
2009-01-22,827.5,145.11
2009-01-21,840.24,143.29
2009-01-20,805.22,146.55
2009-01-19,805.22,150.02
2009-01-16,850.12,148.03
2009-01-15,843.74,145.05
2009-01-14,842.62,154.5
2009-01-13,871.79,152.45
2009-01-12,870.26,151.01
2009-01-09,890.35,154.17
2009-01-08,909.73,157.76
2009-01-07,906.65,161.36
2009-01-06,934.7,156.79
2009-01-05,927.45,153.83
2009-01-02,931.8,151.15
2008-12-31,903.25,151.15
2008-12-30,890.64,146.35
2008-12-29,869.42,145.72
2008-12-26,872.8,145.81
2008-12-24,868.15,147.02
2008-12-23,863.16,148.93
2008-12-22,871.63,153.98
2008-12-19,887.88,154.1
2008-12-18,885.28,153.24
2008-12-17,904.42,152.62
2008-12-16,913.18,151.35
2008-12-15,868.57,151.43
2008-12-12,879.73,144.38
2008-12-11,873.59,151.93
2008-12-10,899.24,150.73
2008-12-09,888.67,145.2
2008-12-08,909.7,144.89
2008-12-05,876.07,134.33
2008-12-04,845.22,131.43
2008-12-03,870.74,133.62
2008-12-02,848.81,133.7
2008-12-01,816.21,138.33
2008-11-28,896.24,140.66
2008-11-27,896.24,139.17
2008-11-26,887.68,134.5
2008-11-25,857.39,128.01
2008-11-24,851.81,126.02
2008-11-21,800.03,130.76
2008-11-20,752.44,123.54
2008-11-19,806.58,132.33
2008-11-18,859.12,134.88
2008-11-17,850.75,140.57
2008-11-14,873.29,142.26
2008-11-13,911.29,142.7
2008-11-12,852.3,147.27
2008-11-11,898.95,147.67
2008-11-10,919.21,150.84
2008-11-07,930.99,148.44
2008-11-06,904.88,143.37
2008-11-05,952.77,154.93
2008-11-04,1005.75,151.63
2008-11-03,966.3,148.81
2008-10-31,968.75,147.5
2008-10-30,954.09,144.42
2008-10-29,930.09,128.68
2008-10-28,940.51,132.42
2008-10-27,848.92,125.93
2008-10-24,876.77,123.27
2008-10-23,908.11,137.47
2008-10-22,896.78,148.13
2008-10-21,955.05,155.8
2008-10-20,985.4,157.51
2008-10-17,940.55,153.06
2008-10-16,946.43,157.63
2008-10-15,907.84,174.28
2008-10-14,998.01,178.15
2008-10-13,1003.35,167.91
2008-10-10,899.22,162.05
2008-10-09,909.92,168.86
2008-10-08,984.94,167.16
2008-10-07,996.23,176.46
2008-10-06,1056.89,175.03
2008-10-03,1099.23,175.03
2008-10-02,1114.28,182.7
2008-10-01,1161.06,185.52
2008-09-30,1164.74,186.62
2008-09-29,1106.39,188.1
2008-09-26,1213.01,190.6
2008-09-25,1209.18,193.87
2008-09-24,1185.87,193.18
2008-09-23,1188.22,191.58
2008-09-22,1207.09,189.16
2008-09-19,1255.08,188.31
2008-09-18,1206.51,179.25
2008-09-17,1156.39,183.54
2008-09-16,1213.6,179.0
2008-09-15,1192.7,179.0
2008-09-12,1251.7,189.9
2008-09-11,1249.05,185.27
2008-09-10,1232.04,188.5
2008-09-09,1224.51,186.99
2008-09-08,1267.79,189.97
2008-09-05,1242.31,180.49
2008-09-04,1236.83,183.57
2008-09-03,1274.98,184.36
2008-09-02,1277.58,182.41
2008-09-01,1277.58,182.13
2008-08-29,1282.83,188.96
2008-08-28,1300.68,188.75
2008-08-27,1281.66,191.6
2008-08-26,1271.51,191.36
2008-08-25,1266.84,192.99
2008-08-22,1292.2,192.04
2008-08-21,1277.72,193.85
2008-08-20,1274.54,197.35
2008-08-19,1266.69,197.56
2008-08-18,1278.6,200.97
2008-08-15,1298.2,200.97
2008-08-14,1292.93,201.5
2008-08-13,1285.83,200.26
2008-08-12,1289.59,202.12
2008-08-11,1305.32,202.42
2008-08-08,1296.31,200.76
2008-08-07,1266.06,200.31
2008-08-06,1289.19,202.28
2008-08-05,1284.88,196.44
2008-08-04,1249.01,197.56
2008-08-01,1260.31,201.43
2008-07-31,1267.38,204.12
2008-07-30,1284.26,201.82
2008-07-29,1263.19,199.9
2008-07-28,1234.37,203.97
2008-07-25,1257.76,204.27
2008-07-24,1252.54,208.34
2008-07-23,1282.19,203.64
2008-07-22,1277.0,199.77
2008-07-21,1260.0,200.0
2008-07-18,1260.68,192.86
2008-07-17,1260.32,194.89
2008-07-16,1245.36,192.48
2008-07-15,1214.91,193.01
2008-07-14,1228.3,199.12
2008-07-11,1239.49,200.12
2008-07-10,1253.39,196.34
2008-07-09,1244.68,194.61
2008-07-08,1273.7,196.52
2008-07-07,1252.31,202.34
2008-07-04,1252.31,201.74
2008-07-03,1262.9,205.71
2008-07-02,1261.52,207.96
2008-07-01,1284.91,213.02
2008-06-30,1280.0,213.52
2008-06-27,1278.38,214.59
2008-06-26,1283.15,219.12
2008-06-25,1321.97,218.95
2008-06-24,1314.29,217.97
2008-06-23,1318.0,218.51
2008-06-20,1317.93,220.57
2008-06-19,1342.83,222.03
2008-06-18,1337.81,226.6
2008-06-17,1350.93,223.66
2008-06-16,1360.14,224.91
2008-06-13,1360.03,222.79
2008-06-12,1339.87,221.17
2008-06-11,1335.49,227.42
2008-06-10,1358.44,226.56
2008-06-09,1361.76,231.35
2008-06-06,1360.68,231.35
2008-06-05,1404.05,234.76
2008-06-04,1377.2,235.09
2008-06-03,1377.65,233.14
2008-06-02,1385.67,236.78
2008-05-30,1400.38,237.46
2008-05-29,1398.26,236.39
2008-05-28,1390.84,231.17
2008-05-27,1385.35,233.97
2008-05-26,1385.35,230.43
2008-05-23,1375.93,234.14
2008-05-22,1394.35,235.31
2008-05-21,1390.71,237.15
2008-05-20,1413.4,240.62
2008-05-19,1426.63,242.67
2008-05-16,1425.35,243.54
2008-05-15,1423.57,243.11
2008-05-14,1408.66,237.04
2008-05-13,1403.04,237.02
2008-05-12,1403.58,237.02
2008-05-09,1388.28,233.98
2008-05-08,1397.68,237.37
2008-05-07,1392.57,238.66
2008-05-06,1418.26,239.53
2008-05-05,1407.49,239.53
2008-05-02,1413.9,238.18
2008-05-01,1409.34,238.18
2008-04-30,1385.59,235.0
2008-04-29,1390.94,233.24
2008-04-28,1396.37,234.97
2008-04-25,1397.84,234.56
2008-04-24,1388.82,230.77
2008-04-23,1379.93,230.56
2008-04-22,1375.94,229.22
2008-04-21,1388.17,231.11
2008-04-18,1390.33,227.25
2008-04-17,1365.56,226.98
2008-04-16,1364.71,225.36
2008-04-15,1334.43,223.51
2008-04-14,1328.32,224.54
2008-04-11,1332.83,228.8
2008-04-10,1360.55,226.44
2008-04-09,1354.49,226.44
2008-04-08,1365.54,225.1
2008-04-07,1372.54,227.79
2008-04-04,1370.4,226.95
2008-04-03,1369.31,226.99
2008-04-02,1367.53,223.76
2008-04-01,1370.18,217.81
2008-03-31,1322.7,217.65
2008-03-28,1315.22,217.22
2008-03-27,1325.76,213.85
2008-03-26,1341.13,214.41
2008-03-25,1352.99,213.73
2008-03-24,1349.88,211.0
2008-03-21,1349.88,209.69
2008-03-20,1329.51,206.62
2008-03-19,1298.42,206.48
2008-03-18,1330.74,201.79
2008-03-17,1276.6,199.68
2008-03-14,1288.14,202.63
2008-03-13,1315.48,204.42
2008-03-12,1308.77,210.49
2008-03-11,1320.65,208.06
2008-03-10,1273.37,206.29
2008-03-07,1293.37,210.57
2008-03-06,1304.34,214.92
2008-03-05,1333.7,212.14
2008-03-04,1326.75,212.14
2008-03-03,1331.34,211.73
2008-02-29,1330.63,216.85
2008-02-28,1367.68,220.59
2008-02-27,1380.02,218.87
2008-02-26,1381.29,217.22
2008-02-25,1371.8,217.07
2008-02-22,1353.11,213.73
2008-02-21,1342.53,216.38
2008-02-20,1360.03,213.84
2008-02-19,1348.78,218.37
2008-02-18,1348.78,215.46
2008-02-15,1349.99,215.38
2008-02-14,1348.86,216.2
2008-02-13,1367.21,207.56
2008-02-12,1348.86,209.01
2008-02-11,1339.13,208.92
2008-02-08,1331.29,208.92
2008-02-07,1336.91,208.92
2008-02-06,1326.45,208.92
2008-02-05,1336.64,216.91
2008-02-04,1380.82,216.23
2008-02-01,1395.42,209.08
2008-01-31,1378.55,207.77
2008-01-30,1355.81,203.5
2008-01-29,1362.3,208.8
2008-01-28,1353.96,206.52
2008-01-25,1330.61,215.06
2008-01-24,1352.07,211.2
2008-01-23,1338.6,207.23
2008-01-22,1310.5,204.55
2008-01-21,1325.19,213.6
2008-01-18,1325.19,219.87
2008-01-17,1333.25,218.83
2008-01-16,1373.2,215.87
2008-01-15,1380.95,220.91
2008-01-14,1416.25,222.81
2008-01-11,1401.02,224.41
2008-01-10,1420.33,229.47
2008-01-09,1409.13,232.53
2008-01-08,1390.19,230.34
2008-01-07,1416.18,231.0
2008-01-04,1411.63,235.77
2008-01-03,1447.16,234.67
2008-01-02,1447.16,235.3
2007-12-31,1468.36,235.3
2007-12-28,1478.49,241.27
2007-12-27,1476.37,243.38
2007-12-26,1497.66,243.48
2007-12-24,1496.45,245.14
2007-12-21,1484.46,239.6
2007-12-20,1460.12,234.4
2007-12-19,1453.0,234.4
2007-12-18,1454.98,236.65
2007-12-17,1445.9,234.33
2007-12-14,1467.95,241.5
2007-12-13,1488.41,245.21
2007-12-12,1486.59,247.15
2007-12-11,1477.65,246.85
2007-12-10,1515.96,244.25
2007-12-07,1504.66,247.38
2007-12-06,1507.34,249.63
2007-12-05,1485.01,247.03
2007-12-04,1462.79,244.04
2007-12-03,1472.42,241.61
2007-11-30,1481.14,241.91
2007-11-29,1469.72,238.68
2007-11-28,1469.02,232.87
2007-11-27,1428.23,236.38
2007-11-26,1407.22,236.01
2007-11-23,1440.7,225.54
2007-11-22,1440.7,228.1
2007-11-21,1416.77,228.84
2007-11-20,1439.7,236.91
2007-11-19,1433.27,239.78
2007-11-16,1458.74,244.13
2007-11-15,1451.15,247.39
2007-11-14,1470.58,250.21
2007-11-13,1481.05,244.73
2007-11-12,1439.18,243.89
2007-11-09,1453.7,252.21
2007-11-08,1474.77,249.97
2007-11-07,1475.62,258.74
2007-11-06,1520.27,259.24
2007-11-05,1502.17,253.91
2007-11-02,1509.65,254.74
2007-11-01,1508.44,260.76
2007-10-31,1549.38,260.42
2007-10-30,1531.02,258.87
2007-10-29,1540.98,260.4
2007-10-26,1535.28,255.65
2007-10-25,1514.4,248.8
2007-10-24,1515.88,243.31
2007-10-23,1519.59,244.9
2007-10-22,1506.33,239.94
2007-10-19,1500.63,248.35
2007-10-18,1540.08,252.6
2007-10-17,1541.24,250.48
2007-10-16,1538.53,253.43
2007-10-15,1548.71,257.68
2007-10-12,1561.8,257.31
2007-10-11,1554.41,261.82
2007-10-10,1562.47,259.79
2007-10-09,1565.15,256.19
2007-10-08,1552.58,255.87
2007-10-05,1557.59,253.63
2007-10-04,1539.6,254.92
2007-10-03,1539.59,254.92
2007-10-02,1546.63,256.8
2007-10-01,1547.04,249.3
2007-09-28,1526.75,247.2
2007-09-27,1531.38,247.1
2007-09-26,1525.42,247.1
2007-09-25,1517.21,247.1
2007-09-24,1517.73,247.1
2007-09-21,1525.75,243.45
2007-09-20,1518.75,242.42
2007-09-19,1529.03,241.08
2007-09-18,1519.78,232.42
2007-09-17,1476.65,236.72
2007-09-14,1484.25,236.54
2007-09-13,1483.95,233.86
2007-09-12,1471.56,229.44
2007-09-11,1471.49,234.12
2007-09-10,1451.7,232.44
2007-09-07,1453.55,238.92
2007-09-06,1478.55,239.61
2007-09-05,1472.29,236.61
2007-09-04,1489.42,237.91
2007-09-03,1489.42,238.72
2007-08-31,1473.99,238.28
2007-08-30,1457.64,234.22
2007-08-29,1463.76,232.32
2007-08-28,1432.36,232.38
2007-08-27,1466.79,228.65
2007-08-24,1479.37,227.18
2007-08-23,1462.5,228.6
2007-08-22,1464.07,223.24
2007-08-21,1447.12,220.18
2007-08-20,1445.55,219.72
2007-08-17,1445.94,208.57
2007-08-16,1411.27,215.67
2007-08-15,1406.7,215.67
2007-08-14,1426.54,230.45
2007-08-13,1452.92,233.88
2007-08-10,1453.64,230.68
2007-08-09,1453.09,241.0
2007-08-08,1497.49,240.07
2007-08-07,1476.71,234.5
2007-08-06,1467.67,233.92
2007-08-03,1433.06,236.91
2007-08-02,1472.2,233.84
2007-08-01,1465.81,234.36
2007-07-31,1455.27,244.32
2007-07-30,1473.91,241.39
2007-07-27,1458.95,238.34
2007-07-26,1482.66,248.75
2007-07-25,1518.09,253.93
2007-07-24,1511.04,252.61
2007-07-23,1541.57,252.28
2007-07-20,1534.1,251.45
2007-07-19,1553.08,245.7
2007-07-18,1546.17,244.92
2007-07-17,1549.37,244.92
2007-07-16,1549.52,247.91
2007-07-13,1552.5,250.19
2007-07-12,1547.7,242.86
2007-07-11,1518.76,240.46
2007-07-10,1510.12,241.02
2007-07-09,1531.85,239.68
2007-07-06,1530.44,236.52
2007-07-05,1525.4,234.75
2007-07-04,1525.4,233.43
2007-07-03,1524.87,229.29
2007-07-02,1519.43,224.75
2007-06-29,1503.35,221.31
2007-06-28,1505.71,222.6
2007-06-27,1506.34,220.35
2007-06-26,1492.89,222.43
2007-06-25,1497.74,223.4
2007-06-22,1502.56,224.95
2007-06-21,1522.19,227.81
2007-06-20,1512.84,226.58
2007-06-19,1533.7,229.04
2007-06-18,1531.05,228.8
2007-06-15,1532.91,224.61
2007-06-14,1522.97,224.46
2007-06-13,1515.67,218.59
2007-06-12,1493.0,219.94
2007-06-11,1509.12,218.39
2007-06-08,1507.67,219.8
2007-06-07,1490.72,223.17
2007-06-06,1517.38,223.17
2007-06-05,1530.95,222.37
2007-06-04,1539.18,221.9
2007-06-01,1536.34,218.74
2007-05-31,1530.62,216.45
2007-05-30,1530.23,211.76
2007-05-29,1518.11,212.06
2007-05-28,1518.11,211.88
2007-05-25,1515.73,210.54
2007-05-24,1507.51,210.54
2007-05-23,1522.28,211.15
2007-05-22,1524.12,210.69
2007-05-21,1525.1,208.74
2007-05-18,1522.75,206.69
2007-05-17,1512.75,207.35
2007-05-16,1514.14,205.62
2007-05-15,1501.19,204.22
2007-05-14,1503.15,206.28
2007-05-11,1505.85,206.06
2007-05-10,1491.47,205.51
2007-05-09,1512.58,204.77
2007-05-08,1507.72,203.51
2007-05-07,1509.48,203.57
2007-05-04,1505.62,201.56
2007-05-03,1502.39,200.67
2007-05-02,1495.92,199.86
2007-05-01,1486.3,199.86
2007-04-30,1482.37,198.55
2007-04-27,1494.07,198.28
2007-04-26,1494.25,199.75
2007-04-25,1495.42,198.43
2007-04-24,1480.41,200.02
2007-04-23,1480.93,198.62
2007-04-20,1484.35,197.24
2007-04-19,1470.73,194.59
2007-04-18,1472.5,197.31
2007-04-17,1471.48,196.57
2007-04-16,1468.47,197.1
2007-04-13,1452.85,195.85
2007-04-12,1447.8,196.81
2007-04-11,1438.87,195.27
2007-04-10,1448.39,193.55
2007-04-09,1444.61,193.85
2007-04-06,1444.61,191.63
2007-04-05,1443.76,191.41
2007-04-04,1439.37,191.77
2007-04-03,1437.77,189.12
2007-04-02,1424.55,188.56
2007-03-30,1420.86,187.6
2007-03-29,1422.53,187.44
2007-03-28,1417.23,185.96
2007-03-27,1429.61,187.68
2007-03-26,1437.5,187.19
2007-03-23,1436.11,186.89
2007-03-22,1434.54,187.15
2007-03-21,1435.04,186.24
2007-03-20,1410.94,186.34
2007-03-19,1402.06,186.31
2007-03-16,1386.95,184.42
2007-03-15,1392.28,184.41
2007-03-14,1387.17,181.81
2007-03-13,1377.95,185.72
2007-03-12,1406.6,186.36
2007-03-09,1402.85,183.87
2007-03-08,1401.89,183.94
2007-03-07,1391.97,182.36
2007-03-06,1395.41,181.23
2007-03-05,1374.12,177.69
2007-03-02,1387.17,182.78
2007-03-01,1403.17,182.78
2007-02-28,1406.82,183.2
2007-02-27,1399.04,188.15
2007-02-26,1449.37,190.12
2007-02-23,1451.19,190.19
2007-02-22,1456.38,189.72
2007-02-21,1457.63,187.9
2007-02-20,1459.68,188.12
2007-02-16,1455.54,187.57
2007-02-15,1456.81,186.82
2007-02-14,1455.3,185.72
2007-02-13,1444.26,183.29
2007-02-12,1433.37,182.8
2007-02-09,1438.06,184.72
2007-02-08,1448.31,184.25
2007-02-07,1450.02,184.67
2007-02-06,1448.0,185.09
2007-02-05,1446.99,183.73
2007-02-02,1448.39,183.2
2007-02-01,1445.94,179.1
2007-01-31,1438.24,175.99
2007-01-30,1428.82,177.45
2007-01-29,1420.62,176.41
2007-01-26,1422.18,177.58
2007-01-25,1423.9,179.12
2007-01-24,1440.13,179.37
2007-01-23,1427.99,176.9
2007-01-22,1422.95,176.83
2007-01-19,1430.5,176.23
2007-01-18,1426.37,179.12
2007-01-17,1430.62,178.5
2007-01-16,1431.9,179.73
2007-01-15,1431.9,179.82
2007-01-12,1430.73,179.36
2007-01-11,1423.82,176.26
2007-01-10,1414.85,174.99
2007-01-09,1412.11,177.52
2007-01-08,1412.84,177.08
2007-01-05,1409.71,179.1
2007-01-04,1418.34,180.52
2007-01-03,1416.6,182.13
2007-01-02,1416.6,185.7
2006-12-29,1418.3,185.7
2006-12-28,1424.73,185.39
2006-12-27,1426.84,184.3
2006-12-26,1416.9,185.62
2006-12-22,1410.76,185.98
2006-12-21,1418.3,185.81
2006-12-20,1423.53,186.54
2006-12-19,1425.55,184.63
2006-12-18,1422.48,185.38
2006-12-15,1427.09,183.82
2006-12-14,1425.49,183.57
2006-12-13,1413.21,178.75
2006-12-12,1411.56,177.93
2006-12-11,1413.04,179.5
2006-12-08,1409.84,179.49
2006-12-07,1407.29,182.19
2006-12-06,1412.9,182.6
2006-12-05,1414.76,183.53
2006-12-04,1409.12,184.31
2006-12-01,1396.71,185.28
2006-11-30,1400.63,184.96
2006-11-29,1399.48,183.8
2006-11-28,1386.72,182.42
2006-11-27,1381.9,184.27
2006-11-24,1400.95,183.91
2006-11-23,1400.95,183.77
2006-11-22,1406.09,184.24
2006-11-21,1402.81,182.06
2006-11-20,1400.5,181.6
2006-11-17,1401.2,182.94
2006-11-16,1399.76,182.69
2006-11-15,1396.57,182.9
2006-11-14,1393.22,182.3
2006-11-13,1384.42,180.93
2006-11-10,1380.9,180.78
2006-11-09,1378.33,181.31
2006-11-08,1385.72,178.61
2006-11-07,1382.84,179.45
2006-11-06,1379.78,178.41
2006-11-03,1364.3,179.14
2006-11-02,1367.34,179.22
2006-11-01,1367.81,177.94
2006-10-31,1377.94,176.84
2006-10-30,1377.93,175.99
2006-10-27,1377.34,177.85
2006-10-26,1389.08,178.53
2006-10-25,1382.22,178.2
2006-10-24,1377.38,177.49
2006-10-23,1377.02,177.36
2006-10-20,1368.6,177.35
2006-10-19,1366.96,176.11
2006-10-18,1365.96,176.19
2006-10-17,1364.05,175.85
2006-10-16,1369.05,176.51
2006-10-13,1365.62,175.42
2006-10-12,1362.83,173.1
2006-10-11,1349.95,172.51
2006-10-10,1353.42,172.78
2006-10-09,1350.66,171.78
2006-10-06,1349.58,171.78
2006-10-05,1353.22,171.78
2006-10-04,1350.22,175.48
2006-10-03,1334.11,175.48
2006-10-02,1330.28,178.46
2006-09-29,1335.85,178.05
2006-09-28,1339.15,178.21
2006-09-27,1336.59,176.74
2006-09-26,1336.34,174.58
2006-09-25,1326.37,176.03
2006-09-22,1314.78,175.0
2006-09-21,1318.03,177.31
2006-09-20,1325.18,177.34
2006-09-19,1318.31,178.32
2006-09-18,1321.18,178.28
2006-09-15,1319.87,176.51
2006-09-14,1316.28,176.35
2006-09-13,1318.07,172.93
2006-09-12,1313.11,172.28
2006-09-11,1299.54,173.0
2006-09-08,1298.92,175.78
2006-09-07,1294.02,175.43
2006-09-06,1300.26,176.19
2006-09-05,1313.25,176.75
2006-09-04,1313.25,176.32
2006-09-01,1311.01,175.99
2006-08-31,1303.81,175.44
2006-08-30,1304.27,174.16
2006-08-29,1304.28,174.79
2006-08-28,1301.78,172.64
2006-08-25,1295.09,172.92
2006-08-24,1296.06,171.08
2006-08-23,1292.99,172.33
2006-08-22,1298.81,173.81
2006-08-21,1297.52,171.96
2006-08-18,1302.3,173.17
2006-08-17,1297.48,172.65
2006-08-16,1295.43,171.01
2006-08-15,1285.57,171.01
2006-08-14,1268.21,168.19
2006-08-11,1266.74,167.65
2006-08-10,1271.81,169.44
2006-08-09,1265.95,171.11
2006-08-08,1271.48,170.68
2006-08-07,1275.77,167.61
2006-08-04,1279.36,169.68
2006-08-03,1280.27,167.94
2006-08-02,1278.55,168.27
2006-08-01,1270.92,167.14
2006-07-31,1276.66,168.51
2006-07-28,1278.55,168.54
2006-07-27,1263.19,168.52
2006-07-26,1268.4,166.1
2006-07-25,1268.88,166.25
2006-07-24,1260.91,163.93
2006-07-21,1240.29,165.0
2006-07-20,1249.13,165.11
2006-07-19,1259.81,159.76
2006-07-18,1236.86,159.69
2006-07-17,1234.49,159.69
2006-07-14,1236.19,162.33
2006-07-13,1242.29,166.35
2006-07-12,1258.6,167.93
2006-07-11,1272.52,168.45
2006-07-10,1267.34,168.27
2006-07-07,1265.48,164.7
2006-07-06,1274.08,163.47
2006-07-05,1270.91,165.51
2006-07-04,1270.91,166.15
2006-07-03,1280.19,167.33
2006-06-30,1270.2,167.45
2006-06-29,1272.87,163.3
2006-06-28,1246.0,160.18
2006-06-27,1239.2,161.36
2006-06-26,1250.56,160.18
2006-06-23,1244.5,158.88
2006-06-22,1245.6,160.2
2006-06-21,1252.2,158.63
2006-06-20,1240.12,158.48
2006-06-19,1240.14,161.79
2006-06-16,1251.54,163.05
2006-06-15,1256.16,157.36
2006-06-14,1230.04,157.7
2006-06-13,1223.69,155.43
2006-06-12,1236.4,160.05
2006-06-09,1252.3,159.61
2006-06-08,1257.93,158.11
2006-06-07,1256.15,164.17
2006-06-06,1263.85,164.17
2006-06-05,1265.29,168.83
2006-06-02,1288.22,169.85
2006-06-01,1285.71,168.03
2006-05-31,1270.09,168.03
2006-05-30,1259.84,171.01
2006-05-29,1259.84,172.64
2006-05-26,1280.16,171.83
2006-05-25,1272.88,168.33
2006-05-24,1258.57,173.36
2006-05-23,1256.58,172.78
2006-05-22,1262.07,173.6
2006-05-19,1267.03,177.94
2006-05-18,1261.81,177.18
2006-05-17,1270.32,181.69
2006-05-16,1292.08,179.0
2006-05-15,1294.5,183.08
2006-05-12,1291.24,187.27
2006-05-11,1305.92,190.2
2006-05-10,1322.85,188.62
2006-05-09,1325.14,188.51
2006-05-08,1324.66,188.79
2006-05-05,1325.76,188.79
2006-05-04,1312.25,186.98
2006-05-03,1307.85,186.03
2006-05-02,1313.21,186.17
2006-05-01,1305.18,186.17
2006-04-28,1310.61,184.1
2006-04-27,1309.72,188.4
2006-04-26,1305.41,188.34
2006-04-25,1301.74,185.54
2006-04-24,1308.11,185.41
2006-04-21,1311.28,188.2
2006-04-20,1311.46,185.86
2006-04-19,1309.93,186.34
2006-04-18,1307.65,184.9
2006-04-17,1285.33,184.3
2006-04-14,1285.33,185.67
2006-04-13,1289.12,181.91
2006-04-12,1288.12,179.13
2006-04-11,1286.57,179.61
2006-04-10,1296.6,181.31
2006-04-07,1295.5,181.97
2006-04-06,1309.04,181.1
2006-04-05,1311.56,179.97
2006-04-04,1305.93,179.77
2006-04-03,1297.81,178.89
2006-03-31,1294.83,176.21
2006-03-30,1300.25,173.61
2006-03-29,1302.89,172.96
2006-03-28,1293.23,172.77
2006-03-27,1301.61,172.44
2006-03-24,1302.95,170.86
2006-03-23,1301.67,169.68
2006-03-22,1305.04,169.28
2006-03-21,1297.23,172.87
2006-03-20,1305.08,174.26
2006-03-17,1307.25,173.48
2006-03-16,1305.33,172.66
2006-03-15,1303.02,172.28
2006-03-14,1297.48,171.1
2006-03-13,1284.13,172.82
2006-03-10,1281.58,170.37
2006-03-09,1272.23,169.17
2006-03-08,1278.47,169.76
2006-03-07,1275.88,170.13
2006-03-06,1278.26,173.86
2006-03-03,1287.23,171.67
2006-03-02,1289.14,176.85
2006-03-01,1291.24,176.85
2006-02-28,1280.66,177.45
2006-02-27,1294.12,178.1
2006-02-24,1289.43,176.96
2006-02-23,1287.79,176.18
2006-02-22,1292.67,173.26
2006-02-21,1283.04,174.04
2006-02-20,1283.04,174.28
2006-02-17,1287.24,172.4
2006-02-16,1289.38,169.8
2006-02-15,1280.0,168.31
2006-02-14,1275.53,171.65
2006-02-13,1262.86,170.61
2006-02-10,1266.99,172.68
2006-02-09,1263.78,170.93
2006-02-08,1265.65,169.44
2006-02-07,1254.78,172.39
2006-02-06,1254.78,173.66
2006-02-03,1264.03,172.67
2006-02-02,1270.84,177.92
2006-02-01,1282.46,178.07
2006-01-31,1280.08,180.65
2006-01-30,1285.2,180.65
2006-01-27,1283.72,178.64
2006-01-26,1273.83,174.71
2006-01-25,1264.68,173.52
2006-01-24,1266.86,171.79
2006-01-23,1263.82,168.04
2006-01-20,1261.49,170.6
2006-01-19,1285.04,174.93
2006-01-18,1277.93,173.81
2006-01-17,1282.93,178.27
2006-01-16,1282.93,182.39
2006-01-13,1287.61,181.71
2006-01-12,1286.06,179.65
2006-01-11,1294.18,178.67
2006-01-10,1289.69,178.98
2006-01-09,1290.15,180.3
2006-01-06,1285.45,180.87
2006-01-05,1273.48,178.82
2006-01-04,1273.46,179.91
2006-01-03,1268.8,178.81
